,Pathway,Description,F_JC1,F_JC2,F_JC3,F_JC4,S_MC5,F_LW3,F_LW2,F_LW1,F_JC5,F_MC2,F_MC1,F_LW5,F_LW4,F_MC4,F_MC3,S_JC1,F_MC5,S_JC4,S_JC3,S_JC2,S_MC3,S_MC4,S_LW2,S_LW3,S_JC5,S_LW1,S_MC1,S_MC2,S_LW4,S_LW5,Total
157,Global and overview maps,Biosynthesis of amino acids,1020816,846158,1012560,1247796,1121578,892502,773046,1486542,1103464,1140610,1139768,1059398,1178528,1083880,981782,1131150,1021962,1132524,1125250,1107782,1276504,1209632,1054400,1194198,1390734,1110356,1171402,1142608,1187664,1091076,33435670
153,Global and overview maps,Carbon metabolism,847140,694358,851298,1034744,884690,674358,591444,1090220,918428,936584,949566,799984,890816,900008,817034,904336,849046,868652,880014,884974,996688,948160,793266,872742,1085268,798184,946220,915004,889256,841258,26353740
20,Nucleotide metabolism,Purine metabolism,840714,684910,820802,1015390,881476,699592,629190,1053266,897740,917666,929604,809130,857286,896070,799822,905346,832054,897500,901768,891424,1032000,971636,786274,830538,1104140,769418,945814,909834,842474,790286,26143164
23,Nucleotide metabolism,Pyrimidine metabolism,721482,580432,694692,853586,746820,573572,501700,886664,764506,770606,796710,664250,730644,754568,675824,774360,706036,765582,763206,756358,869414,828348,664394,708862,933980,648088,804278,775322,732534,694934,22141752
138,Translation,Aminoacyl-tRNA biosynthesis,588304,475910,560568,699422,578178,423364,371148,673650,616628,625372,647970,495990,554290,612318,546334,601852,572224,578228,589232,588818,660904,628194,489620,529864,718166,493208,617948,605822,538868,511370,17193764
165,Membrane transport,ABC transporters,460654,406488,459224,550474,474558,468818,385976,845890,503778,514994,526878,593734,553740,480894,460724,461468,475454,479016,442120,457092,489870,525502,548428,634472,554972,651260,475360,491672,578644,545116,15497270
0,Carbohydrate metabolism,Glycolysis / Gluconeogenesis,423924,345268,410628,516334,432198,324718,288984,522594,458362,457364,468422,375440,425606,448098,396892,450184,422232,435064,440426,443852,498104,471006,381176,428710,540740,391750,468094,454834,426916,399002,12946922
66,Carbohydrate metabolism,Amino sugar and nucleotide sugar metabolism,417904,334776,396628,496454,416326,357644,316134,561076,438198,451842,463280,414186,455748,433466,380632,423968,404726,413966,427032,418672,488974,445824,385782,411378,534236,402146,452696,428814,445916,407106,12825530
59,Carbohydrate metabolism,Starch and sucrose metabolism,371722,306484,346834,419114,363998,430358,452590,628250,385224,400540,405784,535206,504306,360994,333148,374760,353462,383366,386966,379444,441232,430340,473710,531968,456680,437300,393180,386144,499526,467030,12639660
167,Cellular community - prokaryotes,Quorum sensing,400802,337402,405666,477656,389956,332380,284258,595686,441966,446824,450480,430630,436596,420508,400656,391580,412188,389294,381192,391020,441242,428596,384142,431506,478706,541624,415278,407306,443534,425832,12614506
89,Carbohydrate metabolism,Pyruvate metabolism,391002,326570,384040,478532,402648,296360,257460,454446,430398,430956,433434,342004,375660,413694,374304,424598,395158,401108,411444,410704,461080,435272,333332,376388,500786,310376,439860,425258,363498,338168,11818538
189,Replication and repair,Homologous recombination,404398,314714,375800,474344,379988,296912,253222,473386,419300,429436,449460,340508,395206,421438,371738,389522,390466,384708,383862,390522,439674,413314,333368,358492,486770,337896,404424,399864,376782,354912,11644426
24,Amino acid metabolism,"Alanine, aspartate and glutamate metabolism",290764,245418,301276,363804,406952,299286,260896,458090,321624,336818,324204,340338,386642,314422,284544,421002,297234,439692,429482,408564,499540,477398,351770,388308,513774,321644,438498,414140,390324,352162,11078610
107,Energy metabolism,Carbon fixation pathways in prokaryotes,340166,284340,348834,422692,365966,284796,249876,445980,376906,387204,381170,328400,373486,367404,333946,382902,346490,363538,370782,369706,421402,400088,324272,360542,457522,313978,400890,381352,371830,349528,10905988
188,Replication and repair,Mismatch repair,378416,291766,345276,436592,356268,266826,233206,428432,384452,399090,415254,311464,353536,390506,343410,365044,360898,358766,360612,362806,412734,386492,306316,333644,451312,318562,378518,373738,343930,327000,10774866
174,Translation,Ribosome,321962,260458,305854,370126,313678,285832,286284,396836,331396,339766,350592,351490,307498,332790,300924,323378,311026,315536,316194,316586,349280,334470,304750,290424,390786,278158,333974,325934,307812,305202,9658996
180,Replication and repair,DNA replication,300922,231582,280112,347864,294144,227624,197568,373726,305792,319552,331678,268136,285918,310634,275776,297182,286852,290210,290400,291862,326308,309922,281220,290844,368368,286292,309826,303128,299290,288652,8871384
76,Glycan biosynthesis and metabolism,Peptidoglycan biosynthesis,304204,238522,290900,366448,293182,212746,186656,352670,320800,337718,341354,246496,301210,326272,285162,293806,298806,286404,292112,299676,340378,319918,244398,278932,366272,250438,312300,309648,289220,274568,8861216
5,Carbohydrate metabolism,Galactose metabolism,293804,236022,267514,338226,282528,251928,232116,383504,303410,310778,323388,294176,327878,292360,254562,285590,278532,287846,295498,283466,334554,312906,275626,291486,356820,240172,300398,292362,298956,265848,8792254
28,Amino acid metabolism,Cysteine and methionine metabolism,258968,219666,267046,321194,289680,253638,223330,406954,286724,299842,293256,291656,313282,281562,258434,291214,266584,284676,286750,283120,327540,308088,278806,312848,357148,290604,305084,287486,312694,293124,8750998
166,Signal transduction,Two-component system,232416,206868,227372,283844,240188,298432,240478,503978,245024,270222,259928,339090,389960,245792,233982,247404,231192,271246,247366,251884,290396,296178,300402,318112,301180,354270,258486,262088,365418,353216,8566412
26,Amino acid metabolism,"Glycine, serine and threonine metabolism",268384,217726,273062,333502,291544,214156,184970,347590,287536,299410,300658,249564,293976,288668,259500,294928,270150,289140,299144,291394,344632,318314,250572,280026,367190,255286,310602,296432,288692,268224,8534972
105,Energy metabolism,Methane metabolism,261492,211892,263744,309666,294208,202970,179050,349512,277966,286232,292164,259482,276946,271348,250944,288462,261100,274202,276846,282228,306160,304898,271022,294478,336338,269512,300966,303948,282906,269534,8310216
187,Replication and repair,Nucleotide excision repair,248190,198154,237378,298854,250954,201208,178344,317318,258142,268088,275712,234730,264334,260944,233552,258620,242080,247680,247438,247860,282392,270734,235356,246968,314868,231050,269412,255330,257768,246308,7579766
177,"Folding, sorting and degradation",RNA degradation,232804,188984,225496,284128,242298,234528,239808,321236,253138,254460,252838,266026,258808,251098,219728,246748,232206,244244,245710,248840,286024,257534,240254,231620,310570,231444,256894,244776,261908,253420,7517570
1,Carbohydrate metabolism,Citrate cycle (TCA cycle),216920,176318,225998,274276,243462,190038,165444,302860,242030,247602,242530,227138,257800,240218,212380,252894,223268,236952,247156,244036,280934,260180,217128,245914,303274,217082,264424,249600,253592,243434,7204882
154,Global and overview maps,2-Oxocarboxylic acid metabolism,212306,179398,209690,258152,236746,183850,156698,309800,228302,243284,238456,223464,244670,225488,205632,229604,209490,229336,229132,221032,256376,238924,221832,253504,289544,226726,236964,229530,243318,228204,6899452
2,Carbohydrate metabolism,Pentose phosphate pathway,226310,188098,214166,271688,221310,171618,145582,294572,241316,241874,252770,213934,230208,234358,211230,222620,221538,219482,219972,221166,244946,236632,201268,227566,270266,219410,231220,230656,228322,215174,6769272
102,Carbohydrate metabolism,Butanoate metabolism,202394,170228,213500,261108,224712,179580,153054,285816,232692,236726,226140,218096,230420,225478,206148,226266,215622,214800,224022,225882,257262,235316,211332,236580,275784,210554,235664,231474,237138,229390,6733178
97,Carbohydrate metabolism,Glyoxylate and dicarboxylate metabolism,192426,161302,204908,249852,233738,170170,152586,274606,214066,224876,215874,205626,239552,215800,192774,234740,197740,231414,235242,225400,270630,251928,209582,236094,291984,209936,247682,230262,249556,237482,6707828
17,Energy metabolism,Oxidative phosphorylation,186986,150916,197732,240626,215408,206336,192990,311498,214340,218586,209700,239174,255450,210054,189738,211190,200628,211356,205198,204446,243846,225242,232250,246988,267894,225160,224390,206716,265550,260768,6671156
4,Carbohydrate metabolism,Fructose and mannose metabolism,197582,158888,188146,239098,197442,177672,168676,285930,211806,211610,216296,210508,231674,209784,179396,207732,194414,198274,207428,203158,236956,213634,199690,215626,258770,217874,218538,206022,236842,218158,6317624
106,Energy metabolism,Carbon fixation in photosynthetic organisms,190978,158844,188632,234294,192196,153912,137046,242266,205258,207112,213804,175080,197450,203384,183226,202166,188668,193242,196634,195880,220206,206816,175626,189844,242128,185188,211976,197748,202552,190426,5882582
214,Cell growth and death,Cell cycle - Caulobacter,187452,147724,179824,221960,184204,148600,126466,265354,193404,202676,205608,174542,198638,199032,175068,192022,180172,187420,191706,191544,223918,202856,178894,204578,238768,208910,203262,190452,215316,205468,5825838
61,Glycan biosynthesis and metabolism,Other glycan degradation,211684,167860,207972,248582,205372,127996,118556,178262,225460,234052,230926,150852,177534,216502,188470,206386,210454,199994,226188,204292,264246,208084,124174,121360,285848,82578,228912,200840,142222,121280,5716938
32,Amino acid metabolism,Lysine biosynthesis,177170,145116,177106,216938,198628,139080,119090,229584,189466,200010,198922,165758,189618,191670,172136,203764,175484,199300,205564,197574,233826,219142,161926,183406,249924,167338,212104,202714,185134,167866,5675358
19,Amino acid metabolism,Arginine biosynthesis,165066,135858,170450,202978,198352,141178,125312,227854,183582,188356,183044,166952,189910,176248,164476,201824,169314,205182,204640,197834,237394,220694,178348,190294,249002,163332,211820,202648,197530,187618,5637090
183,"Folding, sorting and degradation",Protein export,182540,143864,174846,216326,179338,146650,132664,224450,187540,197332,202612,167362,190730,195436,168678,182986,174278,180128,182774,181168,213162,193966,165622,173646,231034,160388,196726,182828,187396,181056,5497526
184,Membrane transport,Bacterial secretion system,172864,136190,159896,202420,183330,144824,119982,240760,178756,183722,190476,170562,197074,183740,155888,183766,167116,179506,180154,178486,206622,190856,173388,188704,233784,211400,193584,181374,196830,183222,5469276
47,Amino acid metabolism,"Phenylalanine, tyrosine and tryptophan biosynthesis",146334,121886,147822,179722,167614,150962,135162,253788,160654,168802,163694,182170,202332,156080,140762,165622,148786,164684,165260,162786,184654,176720,181272,200472,206598,203600,172618,166454,207478,189534,5174322
104,Metabolism of cofactors and vitamins,One carbon pool by folate,155420,127978,156204,198298,164058,114340,98162,180866,167472,174970,168178,127402,154370,170628,150466,168520,156182,163376,168538,167662,196306,174330,128140,143982,213596,137008,175964,167856,151110,137284,4758666
99,Carbohydrate metabolism,Propanoate metabolism,159798,133818,158260,195224,155712,101944,88084,162860,181796,178360,175714,120470,136078,170360,156138,162850,167762,154244,156924,158040,174670,166980,118144,138440,193148,120758,169992,168044,137428,128554,4590594
158,Drug resistance: Antimicrobial,beta-Lactam resistance,148660,118898,143314,180186,140476,115350,101504,201716,161376,159580,166250,135920,160272,157650,143516,140294,150396,139898,140816,143066,163666,154144,140302,152840,174348,153748,149378,144546,165746,157798,4505654
155,Global and overview maps,Fatty acid metabolism,122952,103224,125256,152374,135826,128470,123914,190414,125912,145502,128796,142242,165230,133894,118654,140160,115408,140236,148128,142926,182222,148898,134032,134364,183100,112712,149714,136962,152290,144734,4208546
178,Transcription,RNA polymerase,139506,114042,134100,165332,137400,105296,94844,154602,149482,147434,152612,122008,131690,147488,130672,147088,136748,138666,140340,140628,155236,150966,119984,126678,170232,108858,151772,144246,129984,123030,4110964
7,Lipid metabolism,Fatty acid biosynthesis,120370,99514,118816,147302,133638,124652,118758,183628,119972,140676,125050,133284,160388,130796,112108,138202,109696,139214,146640,141156,180800,146800,128970,128606,182024,108342,147760,134438,146534,138146,4086280
3,Carbohydrate metabolism,Pentose and glucuronate interconversions,132136,101730,115262,150394,114498,126996,119198,197720,133808,129336,142998,144430,159596,127692,112504,121304,122170,117464,125144,124834,144442,130258,125680,129286,144854,106040,126250,131016,136164,120248,3913452
80,Lipid metabolism,Glycerophospholipid metabolism,139398,107368,121638,156782,126306,91462,98204,144934,141808,141398,153752,123328,110642,138588,120962,130486,132238,130322,129398,125796,143174,142824,112706,113806,155192,112668,135682,130344,117414,116296,3844916
119,Metabolism of terpenoids and polyketides,Terpenoid backbone biosynthesis,118632,101040,122086,151436,127030,99076,85828,160064,128938,140412,134310,116030,135006,132034,117428,128610,120338,127790,131492,125240,152410,137314,113530,125004,163702,108380,135726,126394,134232,130602,3830114
111,Metabolism of cofactors and vitamins,Nicotinate and nicotinamide metabolism,117090,95834,116846,142966,132518,100396,93522,156900,125952,134122,131322,114926,130578,126574,111742,134680,116938,131772,137820,128324,158208,138162,114704,120558,171210,115140,141922,128008,129210,125942,3823886
186,Replication and repair,Base excision repair,129416,101696,121864,152268,125412,96312,84160,155980,133654,138196,144580,112570,123576,134030,121332,129540,125768,124646,124498,123834,138722,133398,114260,120194,159300,120788,134210,127854,122892,118562,3793512
85,Lipid metabolism,Sphingolipid metabolism,124656,104316,120446,144734,125802,100952,95586,141402,135246,139332,137844,120980,133588,125618,110592,124166,124498,126450,137558,126528,158394,134638,102322,104292,166410,68220,132272,127344,112616,96588,3703390
108,Metabolism of cofactors and vitamins,Thiamine metabolism,121466,100212,117858,151176,134552,89794,79370,139108,129908,139788,136124,111544,115098,131074,115134,131476,121662,131422,130124,127640,150828,142266,95756,107690,174122,99300,138782,130690,105572,97712,3697248
54,Metabolism of other amino acids,Cyanoamino acid metabolism,114152,94308,107418,124784,103484,132580,137268,187198,118502,121592,122162,159544,166964,104776,97512,109950,108462,109590,116660,115650,134952,122662,123440,133442,134966,89152,115562,114732,136706,115038,3673208
127,Energy metabolism,Nitrogen metabolism,79474,68584,85730,103622,115526,119958,105258,184392,91526,92608,89390,134928,154532,86778,80978,125756,83310,129290,125890,120656,144728,141242,143764,152614,147210,143366,126600,119874,162042,146326,3605952
118,Metabolism of cofactors and vitamins,Porphyrin and chlorophyll metabolism,76170,64354,83484,92288,100920,124000,118222,226374,84032,91434,87892,164108,167908,82036,80382,89924,80456,83214,77538,78712,81810,93180,170480,177194,100510,211434,90980,89320,185050,161886,3415292
112,Metabolism of cofactors and vitamins,Pantothenate and CoA biosynthesis,92734,82710,95630,121396,116648,95980,80620,163178,99780,111450,103160,116424,130116,105584,92142,114150,92602,110340,108956,102874,124158,113130,125814,136604,142626,124628,118220,104626,135644,131134,3393058
38,Amino acid metabolism,Histidine metabolism,95610,77956,97630,126214,109130,86294,76106,140778,105462,111292,105522,100984,118474,109276,93632,107456,97318,107934,105390,108236,126084,112224,98068,111364,137400,108338,115120,111158,111078,106946,3218474
53,Metabolism of other amino acids,Selenocompound metabolism,94418,78336,99002,120394,102702,92120,78138,145990,106842,108920,107472,105054,118612,104534,94836,105438,99238,101312,102436,107004,120096,108824,102882,113232,127486,94618,110774,107602,114162,108258,3180732
31,Amino acid metabolism,"Valine, leucine and isoleucine biosynthesis",89806,79050,89916,111954,104038,87134,72438,148520,94666,105284,100798,104920,112888,97208,86994,99008,86936,100454,99550,92744,110496,101828,102778,121098,126202,111024,101254,95146,111444,104030,3049606
142,Xenobiotics biodegradation and metabolism,Drug metabolism - other enzymes,90544,75456,90010,106920,100856,80822,74490,125478,96906,99678,101018,95700,107700,94356,85820,104786,87444,106604,109834,104564,128764,117420,92534,96960,128142,81480,110936,104750,104638,96668,3001278
159,Drug resistance: Antimicrobial,Vancomycin resistance,94036,76986,91182,114984,91520,74548,69028,121738,100868,109982,105374,84840,101634,102984,89192,94146,93700,91080,93708,94344,109258,101132,86716,96896,116962,86816,100804,96934,101588,98814,2891794
67,Biosynthesis of other secondary metabolites,Streptomycin biosynthesis,85528,69322,81642,106364,89616,80586,74766,130066,84784,94636,93328,100000,105036,92758,77396,89502,78484,87620,89044,88530,102770,93864,100418,97688,113104,91568,93618,88024,110888,100894,2791844
77,Lipid metabolism,Glycerolipid metabolism,96002,80850,86074,109090,93196,70344,64258,117984,102110,98708,107504,94512,89512,93284,86050,92818,92688,95110,91254,92572,99092,102400,82764,95478,110288,86020,94222,97120,88656,81404,2791364
35,Amino acid metabolism,Arginine and proline metabolism,73716,62830,75110,93474,87108,82872,76812,122618,82160,86730,82382,90898,109342,80934,72474,87366,75980,86700,84678,86504,100272,89964,95602,96572,112446,87814,91958,83842,112882,110278,2682318
360,Infectious diseases: Bacterial,Legionellosis,69842,56780,67578,84922,69612,111512,124376,144788,72838,75592,76546,143100,89104,75600,66042,73030,67964,72770,74816,74494,85258,78492,99354,79428,90602,101378,77538,74716,90818,95736,2564626
130,Biosynthesis of other secondary metabolites,Phenylpropanoid biosynthesis,77932,63628,70292,80662,66830,105302,112320,143386,80638,81136,82802,128422,130870,66936,62568,70894,72228,71252,76828,77016,89510,80642,89810,95696,87408,61910,74478,76204,100094,80572,2558266
236,Aging,Longevity regulating pathway - worm,72848,60770,72404,90814,75482,86246,98684,103788,80092,80122,80212,110054,74100,80220,69154,79866,73012,77448,76724,78928,88482,82032,79312,73334,96966,76868,83248,77650,75838,81150,2435848
9,Lipid metabolism,Fatty acid degradation,76292,66238,78432,100590,87074,63054,59422,91142,81140,91146,81664,72156,78598,87368,74190,88216,74734,84438,91466,86770,107786,91024,67704,70040,111646,56770,93870,85218,68550,69060,2435798
169,Cellular community - prokaryotes,Biofilm formation - Escherichia coli,77720,67290,72966,89140,74930,63520,59220,101244,84930,85182,85466,74228,75544,78476,74756,76828,79038,82226,77162,77640,84988,89264,78498,92890,92712,85960,79578,82114,88682,89072,2421264
227,Transport and catabolism,Lysosome,78290,62580,74950,93994,81038,92978,117570,86048,86154,88296,85018,110708,60528,81416,66470,82176,78524,72824,93236,76454,109744,72260,83088,44090,117098,38018,92314,72800,56736,64048,2419448
75,Glycan biosynthesis and metabolism,Lipopolysaccharide biosynthesis,57708,45646,59086,75754,75266,76714,68712,121648,60304,67426,60626,79712,98832,67192,52110,82098,54850,74898,83262,72194,97040,74388,87902,83766,110658,110756,86690,59494,120498,111758,2376988
230,Transport and catabolism,Peroxisome,69490,58706,73728,92928,78136,61996,58762,88588,73422,84120,73938,70024,78924,81398,67796,79474,67330,77814,84750,82070,104902,84272,64070,62400,103440,49138,86610,80070,66134,67976,2272406
185,Endocrine system,PPAR signaling pathway,69320,60352,69994,89716,74308,65344,67524,92548,75072,82132,73666,77530,74478,77696,65802,75938,68750,73194,81488,78040,97688,80084,61966,61276,96454,50236,82272,77798,61892,64368,2226926
317,Endocrine system,Adipocytokine signaling pathway,59180,52340,60854,78778,65298,104780,139742,96686,64186,71916,62122,150378,64552,68700,56498,67628,59062,64434,72658,69316,87454,70254,68074,51942,86630,43578,73876,68066,54126,62430,2195538
368,Infectious diseases: Bacterial,Tuberculosis,62116,52332,61446,77230,64516,87632,102136,99082,69724,69434,69296,105252,69656,67570,60578,66022,63878,65806,64026,66280,73548,69964,84050,65074,80996,70666,69078,66442,72622,80432,2176884
27,Biosynthesis of other secondary metabolites,Monobactam biosynthesis,66990,56404,68428,83760,71418,57234,45788,91782,73290,77902,76308,64122,73768,73394,65106,75918,67080,73688,76488,74304,86798,81180,56778,63786,91524,55492,78784,75052,65432,56268,2124266
29,Amino acid metabolism,"Valine, leucine and isoleucine degradation",58030,51382,68522,81276,70084,57914,48764,87608,70504,74828,66384,62120,73884,72254,63780,73580,66232,69722,70998,68820,81720,75408,68986,68142,87484,68072,79290,69924,76196,73804,2105712
319,Endocrine system,Glucagon signaling pathway,51558,44784,46890,60334,52254,129962,179122,107428,57004,53708,55960,179078,53218,52066,48476,52834,52424,55412,51822,52378,55160,59230,93378,68272,62902,64246,54226,55736,63820,75528,2089210
307,Endocrine system,Insulin signaling pathway,41954,38466,39330,50414,42514,162772,227042,119456,47978,44700,45818,229872,53498,42616,40620,45438,43618,46784,45188,44008,46420,49646,109642,65202,52784,64254,45984,45686,62920,83214,2077838
115,Metabolism of cofactors and vitamins,Folate biosynthesis,58214,47112,60910,72284,69924,57784,52352,94732,60074,69654,65942,72898,77884,65032,57936,70646,57856,68528,68692,65658,78398,72980,67982,69554,90210,82308,73338,65010,80652,77646,2072190
324,Endocrine and metabolic diseases,Insulin resistance,42516,38154,37266,49320,50934,132302,183654,112462,47540,46758,46752,191728,58146,42520,38784,53886,42796,55056,51364,51068,55202,60406,97078,72774,60456,67128,55514,54170,66740,79244,2041718
354,Cellular community - prokaryotes,Biofilm formation - Vibrio cholerae,53804,45994,55572,65054,68666,59908,52220,94930,61234,62044,59546,66458,81562,58200,54432,64824,57988,64576,64580,59868,73828,67200,69544,76258,87568,73262,67270,60728,81112,77426,1985656
273,Environmental adaptation,Plant-pathogen interaction,38426,33566,35840,46620,36948,147356,180608,147784,40090,43100,41154,178870,73712,40032,36260,38566,37954,40382,41124,39586,48360,44136,116132,69772,47706,91550,40112,38950,72910,89592,1977198
87,Glycan biosynthesis and metabolism,Glycosphingolipid biosynthesis - globo and isoglobo series,71966,59668,69142,86184,71742,38712,34876,59964,77506,79130,79770,51086,54664,73848,63734,76818,70364,71864,80846,71332,89814,72238,42692,46416,97536,34634,83024,70654,49426,41760,1971410
40,Amino acid metabolism,Phenylalanine metabolism,56018,47180,58910,67628,62716,59424,53410,97564,62500,62902,63956,70354,80300,58446,58696,58880,59032,61686,59476,60822,68600,64468,70164,77904,76844,68184,61676,63296,77314,74556,1962906
71,Glycan biosynthesis and metabolism,Glycosaminoglycan degradation,71324,55278,69432,89412,71722,35498,33728,60048,78710,78646,78436,44176,49596,77908,63176,69620,72396,65648,79030,66158,94148,65364,38388,39076,100578,44448,79846,62862,51770,48108,1934530
113,Metabolism of cofactors and vitamins,Biotin metabolism,54948,44108,53160,65808,62552,59682,50138,92116,55364,62398,58834,64252,78966,58892,51274,63856,50488,64252,63392,63354,75594,65288,66842,67488,83038,61650,66802,60572,77074,67712,1909894
163,Drug resistance: Antineoplastic,Antifolate resistance,57916,48234,59196,74650,61776,54408,54322,75438,61438,65546,62794,61144,59896,64080,56806,63992,59466,63374,64616,63490,74700,67524,57520,55872,80036,52690,66836,63838,59108,55264,1865970
240,Cell growth and death,Ferroptosis,54338,47152,57692,72490,61364,53550,54188,73374,57414,67518,57344,59400,63478,64112,53580,62386,53216,59878,67814,64796,84274,66156,51878,49104,82056,39712,69574,63308,53344,56190,1820680
18,Energy metabolism,Photosynthesis,54244,44398,50404,64478,55026,55274,46634,85530,56098,59714,61430,65620,74072,58162,48318,55794,52388,57536,50606,57534,60666,63772,63496,67182,68440,67920,59676,58818,75844,71156,1810230
160,Drug resistance: Antimicrobial,Cationic antimicrobial peptide (CAMP) resistance,58190,44778,54398,72668,60222,46888,44780,73948,60876,63662,64206,51402,62556,65202,53598,59872,58134,59104,59838,57046,72486,61304,52786,58348,79376,63540,64228,55256,62816,55758,1797266
298,Nervous system,GABAergic synapse,42076,35488,45406,54092,63142,58718,63220,71862,47476,48926,46328,70314,54398,46050,42660,67072,42488,71416,68392,64628,80336,77506,63534,57518,79874,45802,70370,65296,60002,59500,1763890
237,Aging,Longevity regulating pathway - multiple species,33610,28560,35054,44576,36456,130868,177556,106356,36318,39386,36396,192962,56442,38634,32230,42176,32618,44636,43304,40880,50770,45200,78800,51836,50674,47224,43110,38684,53226,65468,1754010
295,Nervous system,Glutamatergic synapse,37244,31660,39168,45722,56732,73096,86680,79378,42064,42400,41332,89620,55010,39334,37538,61262,37678,65170,61714,58026,71974,71210,72870,58918,71548,47872,63544,59888,61636,63972,1724260
128,Energy metabolism,Sulfur metabolism,50180,44990,48748,61512,52438,54762,43192,99166,56358,63600,57062,64866,64540,53670,47902,51310,53026,53372,48246,52026,56024,55082,59024,67874,64040,62808,53252,52962,65140,59784,1716956
232,Signal transduction,PI3K-Akt signaling pathway,30336,26794,27854,37580,29200,158194,232822,109158,34000,33846,32240,226112,40566,31704,27360,32418,31384,30688,31680,30880,34744,32586,98136,43732,37574,46230,33408,30210,43276,67082,1701794
411,Cardiovascular diseases,Fluid shear stress and atherosclerosis,42288,34720,41406,51884,42550,101676,139576,85532,44542,47528,46262,149340,46436,45240,40680,43570,42146,42826,43852,42934,50856,45750,68764,48896,53738,47472,46072,43596,49694,58120,1687946
170,Cell motility,Bacterial chemotaxis,31544,37630,30222,43376,28318,92250,51370,171422,28388,36242,33244,94084,117330,34604,36306,28272,25006,44344,31882,38778,42074,48278,69276,69536,40012,108852,31120,40574,79550,77994,1641878
110,Metabolism of cofactors and vitamins,Vitamin B6 metabolism,50256,42060,49952,62184,53072,38610,34472,61846,54090,57366,55638,44170,54048,54660,47800,55734,50098,55410,55644,53840,64452,58518,45774,49386,69214,45494,58430,53850,54640,53434,1584142
55,Metabolism of other amino acids,D-Glutamine and D-glutamate metabolism,48662,39396,48080,60686,49302,33728,28534,57870,52784,55986,55054,40868,48226,53294,46588,52344,48750,50136,50438,50578,58394,55692,45230,49738,62656,49928,55658,51062,51936,50830,1502428
103,Carbohydrate metabolism,C5-Branched dibasic acid metabolism,39474,34228,40912,50302,47836,49008,40064,85516,39712,46516,44594,61096,63502,43914,39150,44438,36748,44528,42824,41320,47002,44592,58884,68790,56236,68812,45666,42946,64040,59830,1492480
226,"Folding, sorting and degradation",Protein processing in endoplasmic reticulum,28680,23864,27078,34642,29944,121638,159876,95076,28404,32462,30778,149190,44944,30088,25810,30620,27140,29840,31530,30118,36006,32494,88210,45544,38252,45324,32268,29478,48662,65880,1473840
171,Cell motility,Flagellar assembly,31902,30742,22964,32838,20166,71382,41708,160624,19846,29742,30998,91214,90462,27764,29252,24664,17106,39218,26958,36752,35450,42300,63406,64740,33310,136868,25670,35880,76906,78414,1469246
355,Infectious diseases: Bacterial,Epithelial cell signaling in Helicobacter pylori infection,44828,36010,45630,56498,45328,48090,52140,63528,47700,50418,51172,60506,45598,48612,43096,46798,45056,44306,45684,45266,52620,48458,51100,44460,55076,47198,49768,47076,47592,49192,1458804
219,"Folding, sorting and degradation",Sulfur relay system,48406,38216,42994,55044,46620,34402,28096,64926,50764,50800,55280,47504,44830,47378,44176,45746,47930,45084,42568,46110,46256,51146,41364,49424,54356,50688,47302,49762,43800,39766,1400738
58,Metabolism of other amino acids,Glutathione metabolism,31850,27162,33598,41374,37100,57058,52212,77296,36898,40200,35778,63400,71634,36236,32564,38772,34372,36460,38310,36706,44410,39350,56950,57246,47076,48556,40190,35894,62608,58046,1349306
233,Signal transduction,AMPK signaling pathway,19910,17532,17332,24066,20400,139964,208842,91872,23466,20000,21384,202854,27300,20016,16438,23170,20434,21860,22668,21004,22818,22940,86474,33692,25288,37222,23450,21774,34882,57174,1346226
39,Amino acid metabolism,Tyrosine metabolism,38424,32620,35326,44900,43974,34430,33234,56986,40046,41980,43364,40542,44414,39100,34386,42972,36772,44298,42788,41116,48226,45618,48222,51260,54358,51510,44254,41590,50438,47826,1294974
269,Immune system,NOD-like receptor signaling pathway,33266,28542,30282,39498,31816,56822,61158,84548,32458,36378,35470,72172,47504,34640,30842,33052,30892,33714,33280,34074,39184,36540,52326,44080,41410,65230,34464,33530,49420,53870,1270462
68,Metabolism of terpenoids and polyketides,Polyketide sugar unit biosynthesis,35504,28700,34958,45590,41416,36724,33654,60860,33740,40244,38666,44664,49428,40788,32180,40634,32364,40968,40808,40480,48554,42834,47346,46408,53120,45784,42872,37406,53408,46906,1257008
48,Biosynthesis of other secondary metabolites,Novobiocin biosynthesis,36762,30014,37632,44436,42230,32722,30968,55802,39980,42140,41416,39104,43370,39394,36076,38320,37520,40754,40124,40472,46962,42426,40392,43822,52584,45052,41038,40614,47218,44700,1234044
376,Cancers: Overview,Pathways in cancer,25814,21822,23594,31532,25908,81270,108588,67756,27132,28208,27338,103732,34946,26694,23108,28144,25242,26408,27210,26706,30658,28776,61928,37024,33014,37624,28966,26148,36170,47946,1159406
51,Metabolism of other amino acids,Taurine and hypotaurine metabolism,37434,31760,39874,48564,39480,26168,21766,40598,42786,45248,41032,28366,34734,41238,37356,40932,38892,40418,40916,41448,47350,43130,28804,33168,50984,25894,44292,40478,33406,30338,1136854
206,Signal transduction,FoxO signaling pathway,15108,14150,15842,21512,15340,129996,202234,73802,19222,17864,16276,197016,17392,18106,14050,17302,17074,17028,17694,16554,19936,17426,69928,19530,21288,22090,17514,15346,19536,39576,1135732
228,Transport and catabolism,Endocytosis,578,442,642,566,1728,175374,270634,98170,616,346,788,239458,17468,542,666,728,654,786,516,580,364,712,115666,26136,1574,32358,746,448,29186,65130,1083602
78,Carbohydrate metabolism,Inositol phosphate metabolism,25818,21816,26258,30410,23840,67282,96830,60934,27744,28402,28398,95806,31988,25574,25108,25218,24278,25146,23440,24044,24764,26252,54082,34548,28842,34462,26652,26070,39898,47682,1081586
57,Metabolism of other amino acids,D-Alanine metabolism,35956,29168,34946,45488,35752,26812,24108,41310,38530,41292,40232,28386,36008,40082,33932,37758,35736,35642,37394,36454,43080,39988,30664,32392,46876,27136,39360,36966,35340,34778,1081566
312,Endocrine system,Estrogen signaling pathway,22450,18942,21742,27886,21996,81288,109780,63574,23390,25666,24144,109480,32008,24094,21194,23192,22200,22708,23290,23138,27274,24660,58884,32130,28496,33288,24510,22348,33854,45170,1072776
311,Endocrine system,Progesterone-mediated oocyte maturation,22442,18868,21684,27850,21978,80740,109838,64112,23310,25632,24124,106852,30880,24030,21180,23142,22150,22632,23230,23026,27196,24610,61052,31628,28402,32774,24394,22284,33022,44348,1067410
381,Cancers: Overview,MicroRNAs in cancer,25252,23238,23642,29392,26288,63972,83798,59494,28648,30070,27440,73244,37050,27378,24574,28502,27752,28818,27412,24898,30446,30154,50246,35316,33922,33294,29998,23834,33430,42176,1063678
63,Glycan biosynthesis and metabolism,Various types of N-glycan biosynthesis,38268,30186,40242,50030,42062,18584,20476,22934,41510,46012,41822,23800,21868,43596,35020,43724,38494,38576,48760,39340,58422,37512,17156,13948,61848,12152,50588,35748,19506,18520,1050704
397,Cancers: Overview,Central carbon metabolism in cancer,27862,22140,25978,32828,27602,48310,60516,55844,30208,28230,30242,63922,29976,28650,25394,27844,27432,29354,28136,28628,32638,30616,46262,36344,34986,40572,29858,29316,37054,40574,1037316
109,Metabolism of cofactors and vitamins,Riboflavin metabolism,23098,20896,24608,29594,31524,35860,36754,54154,24860,29830,25808,40382,46412,27214,23800,31410,23754,30894,32178,28846,36094,31144,45182,41106,42008,45150,33030,27482,56796,56350,1036218
205,Signal transduction,HIF-1 signaling pathway,29850,23606,28148,34720,28888,45492,54626,53698,31986,30530,32314,60510,34542,30206,27692,30982,29388,29268,28298,30510,32672,30744,40878,31520,35780,33128,31516,29124,34530,37426,1032572
145,Metabolism of terpenoids and polyketides,Biosynthesis of ansamycins,32802,26690,32004,40250,32716,26798,21286,47672,35668,35362,36698,33046,35908,33812,30998,32336,32272,32014,32634,32444,35876,34894,31332,37406,40298,43658,34594,33032,37730,33330,1025560
88,Glycan biosynthesis and metabolism,Glycosphingolipid biosynthesis - ganglio series,38026,29660,40192,50122,42016,14012,13264,20506,41394,45918,41644,18196,21168,43722,34986,43632,38414,38470,48626,39152,58392,37456,13152,13238,61706,11292,50540,35694,18382,16454,1019426
175,Translation,RNA transport,22050,16754,21410,25340,25552,69528,99506,62708,21192,23258,25280,88934,29172,22262,20574,22908,20150,21268,21496,21552,23498,24352,61808,33580,27316,36296,23280,24062,36196,47044,1018326
135,Biosynthesis of other secondary metabolites,"Tropane, piperidine and pyridine alkaloid biosynthesis",28460,24114,28848,34202,33448,29904,29462,46664,30860,33150,32444,34474,37716,30126,27916,30928,28860,33052,31992,32070,38076,33896,36964,37740,42436,37578,33530,31794,41948,40406,1013058
33,Amino acid metabolism,Lysine degradation,24058,22344,30296,34786,27102,33122,29728,41608,33022,32778,28076,38864,43762,29180,31614,28230,30956,24498,24572,28402,30272,26676,38026,35720,34260,30796,29604,27936,45342,51218,966848
387,Cancers: Specific types,Prostate cancer,22432,18852,21664,27868,21984,57350,76832,51720,23322,25600,24112,74390,28770,24048,21174,23156,22150,22674,23232,23008,27192,24632,44698,28836,28446,29964,24422,22252,28742,36442,929964
15,Metabolism of cofactors and vitamins,Ubiquinone and other terpenoid-quinone biosynthesis,23338,19816,27420,33996,32668,24398,24762,37226,25826,31488,25370,25502,29028,29882,24224,29478,24526,28284,32270,27664,40552,30282,26684,25022,46166,35854,32592,24600,33018,28956,880892
266,Immune system,Antigen processing and presentation,22432,18884,21704,27882,21972,48504,60710,47186,23336,25634,24132,67260,28486,24076,21190,23126,22182,22700,23254,23054,27232,24650,38764,27692,28444,27580,24420,22294,28412,33464,880656
172,Membrane transport,Phosphotransferase system (PTS),14712,13430,12880,16902,21492,28704,23958,69310,14996,16966,16844,41972,36084,14178,12660,19068,13860,20986,18966,17462,19494,22512,48042,71126,20836,104086,18664,19658,56462,53110,879420
46,Amino acid metabolism,Tryptophan metabolism,27930,26624,34320,42082,33406,14472,12270,21020,32496,38394,31934,18676,16994,35890,31826,32658,30714,32316,34996,32752,41466,35256,15228,17958,42198,13550,34788,31284,16404,16374,846276
327,Endocrine and metabolic diseases,Type I diabetes mellitus,28970,23478,29960,37346,29780,16724,13640,26244,31606,32360,31094,18758,22990,31960,28108,31156,28766,31082,31502,31798,36034,32226,17926,20256,38400,20004,33030,30846,20876,19208,826128
277,Immune system,IL-17 signaling pathway,22656,18856,21676,27876,22076,35468,39978,39866,23340,25642,24404,40908,27220,24026,21208,23234,22184,22712,23272,23068,27248,24710,33274,26116,28456,25974,24456,22290,26460,30432,799086
225,Transport and catabolism,Autophagy - animal,250,456,436,398,786,132602,207528,68868,318,398,322,193824,11284,406,352,1258,330,488,496,446,324,554,69044,16902,456,21026,1508,526,16764,38890,787240
6,Carbohydrate metabolism,Ascorbate and aldarate metabolism,18230,16088,19098,25278,23656,29658,30066,42478,18960,22972,20244,35008,31390,22328,17488,24734,17574,22450,24892,23636,28030,23122,31352,31264,30458,43974,26290,22248,32784,31460,787210
279,Immune system,Th17 cell differentiation,22426,18832,21656,27844,21964,32856,37694,37690,23286,25578,24100,39396,26334,24024,21186,23080,22156,22626,23220,23000,27184,24608,28638,24854,28394,24756,24338,22244,24910,27186,776060
70,Biosynthesis of other secondary metabolites,Acarbose and validamycin biosynthesis,22982,18604,21524,28454,25080,21304,18960,35518,20800,25794,25252,26536,29678,25356,19964,25014,20000,24888,24828,25298,28938,26066,27668,28142,32034,27098,26616,23290,31314,27360,764360
207,Signal transduction,Phosphatidylinositol signaling system,13630,10836,12332,14934,12544,73660,112668,49446,13806,14490,14386,94602,19568,13474,12250,12434,11942,12976,13026,13118,14504,13240,47508,20648,17326,21782,12972,12742,23596,32814,763254
50,Metabolism of other amino acids,beta-Alanine metabolism,18696,17126,21722,28632,28512,18322,13632,27908,21476,25776,20522,22326,23746,24474,19634,27832,19292,26442,27230,26760,31698,27146,23272,24996,34412,24292,29450,24808,24308,23136,727578
235,Aging,Longevity regulating pathway,7874,6588,9862,12430,8670,85168,133852,44076,9348,10108,8742,134388,10108,10996,8082,9532,8366,9406,9786,9270,12980,10082,40252,11798,12700,13298,10526,7890,12264,23952,702394
318,Endocrine system,Oxytocin signaling pathway,554,750,862,1042,1648,113186,173872,61476,548,1190,610,167278,11778,1286,624,1166,558,874,948,736,844,1304,62856,16400,890,18578,1216,1070,17386,36088,697618
378,Cancers: Overview,Viral carcinogenesis,12196,9928,12418,14128,12868,62416,90044,45998,12566,12568,13482,84956,15922,12770,12266,11270,12008,11924,11010,11588,12752,12418,48334,21850,13640,23486,11680,12812,21418,31568,692284
134,Biosynthesis of other secondary metabolites,Isoquinoline alkaloid biosynthesis,19300,16544,19864,23024,22518,19838,20086,30396,20954,22932,22020,23672,24970,20280,19266,21262,19318,22072,22446,22054,26708,23136,25292,24630,28822,25606,23336,21218,29204,28830,689598
261,Cellular community - eukaryotes,Tight junction,308,366,350,174,518,113108,176592,61384,292,364,404,167116,10052,312,328,376,316,346,400,268,216,384,63448,15258,362,17844,442,516,16384,36010,684238
380,Cancers: Overview,Proteoglycans in cancer,10284,8384,9090,11746,9478,67268,98266,46752,10466,10692,11262,90148,15652,10354,8742,9960,10156,9486,9150,9310,10666,10154,48202,19722,11606,20342,10076,10026,20320,31910,659670
365,Infectious diseases: Parasitic,Toxoplasmosis,70,122,156,116,78,110482,158300,60628,124,94,96,145850,12042,98,80,214,102,148,82,126,122,100,68566,16432,160,20154,152,98,16838,38360,649990
94,Xenobiotics biodegradation and metabolism,Chloroalkane and chloroalkene degradation,20518,18900,17086,24348,21658,20172,14596,30170,20826,22414,22620,19262,21730,20830,17160,23494,18674,23764,22940,21342,24068,24120,19888,22958,26208,17920,22834,21028,17184,14500,633212
342,Neurodegenerative diseases,Alzheimer's disease,16176,13202,15424,18804,15942,40816,54390,33344,17762,16506,17528,43864,18166,16446,15258,16962,15862,15996,15146,16312,17216,16592,32172,16824,19152,17164,17008,15720,20030,23604,629388
201,Signal transduction,cAMP signaling pathway,206,296,118,38,32,106110,155372,56596,98,432,180,134284,11812,102,48,96,36,22,28,40,54,26,70840,15880,34,17362,92,14,18210,40080,628538
337,Digestive system,Protein digestion and absorption,15046,13148,17622,23084,19316,23172,21134,23334,16448,20720,16698,20650,28142,20586,15652,20848,15164,19102,23480,22036,31018,20480,20800,17004,29164,11796,23646,19022,24524,23880,616716
231,Signal transduction,mTOR signaling pathway,166,204,152,102,226,102966,163686,53774,146,174,136,162746,8084,148,136,828,74,166,174,118,154,184,51164,12724,170,15894,1070,154,12100,27984,615804
252,Signal transduction,Apelin signaling pathway,156,388,200,94,240,105422,168734,51230,156,544,148,157548,7866,164,146,850,112,248,220,138,178,224,51380,11856,140,15018,1096,188,12428,27562,614674
69,Biosynthesis of other secondary metabolites,"Neomycin, kanamycin and gentamicin biosynthesis",22090,16314,18542,25032,19204,18116,17190,25806,21582,22176,24468,18168,20690,21638,17974,20284,19054,19340,20392,19878,23458,21092,18620,18160,25180,16496,20778,20380,21414,17708,611224
216,Cell growth and death,Oocyte meiosis,74,148,110,40,24,100846,148018,56648,54,82,34,125224,11532,52,52,92,54,26,26,34,44,14,69354,15092,16,18008,72,44,19014,39674,604502
234,Cell growth and death,Apoptosis,8378,7384,11076,11228,10060,49132,73214,36460,9550,11470,8850,65956,20486,9940,9552,11002,8626,10136,12812,12830,16030,10824,37914,16964,14046,16110,12494,12280,26194,37406,598404
223,Transport and catabolism,Autophagy - yeast,1836,1890,1550,1902,1826,92508,140450,49908,1868,1742,2056,116882,9300,1750,1696,1670,1826,1912,1398,1774,1238,2456,59730,14442,1562,17384,1774,2032,14938,33140,584440
345,Neurodegenerative diseases,Huntington's disease,4266,3394,4900,4744,4414,80844,118394,45834,5128,4694,4430,81608,16196,4294,4448,4276,4294,4830,4536,4416,5534,5266,61880,15486,5510,15964,4272,4312,19554,36676,584394
375,Infectious diseases: Viral,Epstein-Barr virus infection,892,698,1164,678,1944,89630,132508,51946,750,988,1156,123976,12286,830,936,1624,824,1178,1288,1184,1044,1338,60940,15840,1160,18238,1628,1708,18390,36600,583366
200,Signal transduction,cGMP-PKG signaling pathway,228,150,138,60,58,102656,149262,53038,86,82,214,120498,11190,80,90,136,70,134,74,60,72,56,60476,13460,40,15200,140,38,15698,34664,578148
242,Circulatory system,Adrenergic signaling in cardiomyocytes,196,276,102,36,22,95404,135180,52336,94,436,174,114548,11722,60,46,30,38,24,24,38,36,22,67266,15304,22,16688,38,6,18154,39030,567352
144,Lipid metabolism,Biosynthesis of unsaturated fatty acids,19460,14972,19158,22458,18306,15038,14622,23228,20258,21136,21160,17062,18976,19952,18790,18544,18088,19324,18650,19252,21996,20290,15182,15580,23022,13476,19654,19806,16816,14302,558558
173,Translation,Ribosome biogenesis in eukaryotes,11746,9820,11688,13260,14564,34884,48696,33336,11972,13124,13246,41708,16608,12056,10764,13486,11670,12460,12148,12264,12488,13588,36250,20600,14128,20560,13276,14364,20164,25502,550420
198,Signal transduction,MAPK signaling pathway - plant,16870,12768,17172,21972,17924,20072,26430,21398,17686,18566,20002,26094,8984,19602,16076,16676,16528,15502,15936,15890,18744,17272,21848,13808,21518,22110,17394,16186,14050,16572,541650
333,Digestive system,Salivary secretion,222,110,92,34,24,96688,140920,47738,54,58,214,112582,9876,56,44,52,34,10,14,44,20,18,55730,12148,16,13714,56,30,14410,31584,536592
96,Xenobiotics biodegradation and metabolism,Aminobenzoate degradation,14782,10546,15284,18008,15954,16576,16480,20850,14896,16284,16306,17382,20846,15384,14154,16522,14428,15898,16776,16252,19004,17172,16522,16868,22586,17814,17692,15932,25690,24564,517452
37,Biosynthesis of other secondary metabolites,Carbapenem biosynthesis,17378,13810,16426,20820,15738,12498,11326,20940,18726,19106,19834,13936,16494,17216,15980,16596,17666,17652,17428,17256,19502,18636,14372,16470,20836,16116,16182,17928,16394,14520,507782
215,Cell growth and death,Meiosis - yeast,2456,2236,1618,2910,2296,69416,89452,49906,1864,2244,2336,78920,19354,2292,1848,3288,1508,5334,3812,4258,5546,5038,47604,18914,3996,14742,3210,3838,18544,32746,501526
336,Digestive system,Carbohydrate digestion and absorption,8492,8512,6778,8316,9854,24856,35724,29426,7622,10216,9812,33856,22466,6832,7044,11430,7230,11060,12888,8482,12872,12964,36712,36208,11980,26026,11446,9146,27590,31992,497832
358,Infectious diseases: Bacterial,Salmonella infection,4732,5098,2894,4798,3552,41534,52118,59980,2822,4202,4346,54750,22448,4108,3764,3914,2642,5466,4196,5166,4730,5906,39526,25450,5112,48392,3982,4940,29692,35934,496194
125,Metabolism of terpenoids and polyketides,Zeatin biosynthesis,15716,12078,16510,20108,15542,13020,11430,20666,16642,17584,17420,14332,18130,17382,15544,16950,15430,16118,17352,17084,21590,17284,13310,14314,21304,13804,18624,16128,17202,16890,495488
168,Cellular community - prokaryotes,Biofilm formation - Pseudomonas aeruginosa,7150,6480,6982,8146,8468,26752,21576,44636,6960,7812,7414,27170,33282,7196,7520,9942,6220,12518,8976,10458,11506,12384,25752,28596,11106,29186,9488,10316,27550,25686,467228
366,Infectious diseases: Parasitic,Amoebiasis,7372,5588,7920,8808,7750,39922,55422,31456,8834,8538,8156,53812,20474,7938,7914,6750,8066,7928,7774,8204,9942,8414,27744,14448,10202,13998,7914,7784,16950,21074,457096
42,Xenobiotics biodegradation and metabolism,Benzoate degradation,11416,9940,17326,15694,11992,15348,12588,27936,16070,15808,14214,22316,20158,13064,17768,10054,15730,10856,9544,10786,10878,13034,17224,22452,11594,19028,10288,12314,21064,20030,456514
199,Signal transduction,Calcium signaling pathway,32,292,94,58,52,75918,112314,38908,82,410,18,95280,8032,96,60,60,62,122,70,42,54,44,48454,10458,36,11378,90,42,12660,27242,442460
323,Endocrine and metabolic diseases,Type II diabetes mellitus,11852,9540,11494,13974,11564,22892,31438,24840,12432,12002,12886,32662,12002,12364,11674,10390,11682,11706,10438,10984,12618,11896,19324,15596,13456,18824,10714,11666,13892,15532,442334
299,Nervous system,Dopaminergic synapse,38,140,72,20,16,74108,107026,40108,30,72,18,88232,8480,38,36,20,36,30,28,24,32,10,50532,11278,8,13122,24,2,13934,28558,436072
243,Circulatory system,Vascular smooth muscle contraction,70,170,72,22,42,78748,114318,40254,52,86,52,94144,7912,40,34,98,36,22,86,42,84,22,42448,9712,22,11650,84,24,11450,24232,436028
265,Immune system,Platelet activation,60,186,110,54,160,78276,114620,40580,80,112,54,96554,7588,80,70,84,42,48,80,26,92,58,39750,9990,216,11424,36,14,10540,23520,434504
212,Cell growth and death,Cell cycle,224,280,364,192,538,68300,104718,38062,204,350,284,91146,7420,306,300,424,272,350,390,296,214,412,51506,10412,386,12706,470,560,13770,28022,432878
164,Drug resistance: Antineoplastic,Platinum drug resistance,10302,7146,9024,11036,10034,27058,39290,23664,10760,9672,12124,38494,7752,9782,9358,9104,10044,8022,7736,8304,7436,9490,21990,12868,10686,20726,8988,9798,11368,15406,407462
193,Signal transduction,MAPK signaling pathway - yeast,4948,4328,6536,8782,5468,46110,70536,26620,5864,6760,5832,65262,4838,7738,5264,5510,5428,5910,6098,5538,8412,6156,29554,6800,7930,8424,6114,4722,7340,16106,404928
315,Endocrine system,Thyroid hormone synthesis,2572,2292,2608,2936,3830,46740,57188,38622,2560,3400,2998,52724,24770,2756,2258,3430,2384,2928,3102,3084,3870,3850,33284,19178,3692,18066,3550,3596,20676,24868,397812
290,Environmental adaptation,Circadian entrainment,52,276,58,30,16,72510,109008,35074,66,390,60,86910,6636,34,12,36,34,6,16,24,16,12,36494,8006,4,10230,26,10,9402,20316,395764
335,Digestive system,Pancreatic secretion,186,234,70,40,32,66520,100968,35068,84,408,186,77588,6930,52,58,18,28,24,20,40,12,22,44472,9660,30,10634,38,28,11014,24908,389372
149,Metabolism of terpenoids and polyketides,Biosynthesis of vancomycin group antibiotics,11586,9342,10526,14300,13074,10756,8942,17252,10574,12830,12452,13920,14428,12978,9996,12974,10334,12706,13162,13248,15134,13500,13798,14638,16902,14144,13678,12124,15754,14152,389204
176,Translation,mRNA surveillance pathway,490,500,878,418,2048,59602,87692,35414,504,724,656,69860,7980,502,660,1298,522,870,1434,854,1394,990,42992,11520,1432,12772,1296,1342,12082,25664,384390
156,Global and overview maps,Degradation of aromatic compounds,12210,10294,8266,12748,11856,11368,9760,21020,10876,11150,12916,13458,13248,10842,8956,13584,9412,13332,11998,10464,11612,13716,16890,20246,13582,18532,12480,11430,13538,12992,382776
262,Cellular community - eukaryotes,Gap junction,42,122,54,18,22,70358,103164,34140,26,56,52,83262,6848,28,76,62,28,8,14,22,24,12,35530,7946,4,9280,64,16,9396,19886,380560
52,Metabolism of other amino acids,Phosphonate and phosphinate metabolism,8646,7064,8064,10828,10738,17200,16964,25144,9010,9852,9286,20622,19156,9352,7372,9936,8216,11024,9742,10712,11618,12404,18154,17042,13594,13720,10562,10026,16820,16284,379152
287,Environmental adaptation,Circadian rhythm,24,48,40,16,10,62462,100554,30326,26,34,22,101922,3728,24,28,20,10,16,20,16,2,10,24520,5886,8,7396,10,6,5788,13102,356074
218,"Folding, sorting and degradation",Ubiquitin mediated proteolysis,32,74,46,40,16,61950,91730,30168,30,20,34,73586,5422,22,20,32,24,32,18,18,28,8,42072,7898,26,9584,30,26,9912,22896,355794
325,Endocrine and metabolic diseases,Non-alcoholic fatty liver disease (NAFLD),350,422,554,338,1254,58136,94020,28336,500,430,398,100372,3730,410,422,530,530,522,512,456,286,514,22952,6648,404,7844,522,512,5712,12228,349844
229,Transport and catabolism,Phagosome,210,194,270,402,314,55062,81964,33300,442,240,222,66806,8402,356,334,154,300,230,236,312,360,288,41314,9464,488,10216,178,304,11456,24448,348266
208,Signal transduction,Sphingolipid signaling pathway,190,156,304,200,342,55318,84258,32226,440,286,246,73910,6678,174,266,348,312,256,240,294,202,232,38274,9370,300,10590,422,302,9510,21942,347588
301,Sensory system,Olfactory transduction,44,90,58,18,42,63218,92046,30782,24,44,52,78586,5954,14,18,62,28,112,44,36,20,40,31072,7134,22,8636,68,38,8434,17916,344652
196,Signal transduction,Ras signaling pathway,52,92,58,12,46,52700,78586,29396,68,52,34,74296,5956,22,36,76,14,20,66,28,48,32,36492,8118,36,9820,68,16,9616,19946,325802
373,Infectious diseases: Viral,HTLV-I infection,3100,2124,2778,2468,2436,44344,63372,24876,2750,2794,3260,57422,6176,2622,2714,1910,2630,2206,1966,1972,2132,2668,29860,7778,2326,8190,2072,2484,8650,16680,316760
254,Signal transduction,Hippo signaling pathway,36,106,40,28,6,50736,73712,29686,26,64,24,62996,6048,30,26,32,42,40,34,20,34,44,35586,8246,16,9130,24,14,10276,21456,308558
407,Cardiovascular diseases,Hypertrophic cardiomyopathy (HCM),244,312,188,206,100,52452,86158,26004,148,446,318,90954,3106,168,186,172,86,192,130,170,148,216,18372,5436,90,6082,180,152,4364,10130,306910
291,Nervous system,Long-term potentiation,32,130,64,18,24,50908,73798,27776,32,62,12,62286,5880,68,34,46,34,12,24,18,42,8,34300,7442,8,8878,58,8,9550,19064,300616
359,Infectious diseases: Bacterial,Pertussis,2588,3350,2926,4066,3620,23366,29324,24828,3876,4564,2614,29644,15408,3824,2810,4826,4186,4968,5662,3626,7010,5308,24782,12104,5768,23150,4948,2832,17344,16190,299512
257,Cellular community - eukaryotes,Focal adhesion,574,346,120,570,396,47138,72292,27604,762,412,534,66956,5048,468,138,378,488,358,432,452,488,464,29298,7520,530,8638,358,346,7658,16828,297594
98,Xenobiotics biodegradation and metabolism,Nitrotoluene degradation,9158,6774,8416,8662,9354,6828,6328,17564,8312,8710,10828,12302,9762,7648,8608,8746,7838,9436,7478,9006,7758,11316,12664,15176,8414,16244,8512,10758,12268,12234,297102
192,Signal transduction,MAPK signaling pathway,64,150,120,82,42,49200,72812,26918,152,96,102,72098,5356,90,74,124,118,100,60,68,104,66,27892,7082,56,8656,148,56,7990,16944,296820
306,Cell motility,Regulation of actin cytoskeleton,96,164,302,62,50,46992,72432,27802,462,122,114,67090,4942,106,364,208,442,240,92,64,108,256,29964,7844,70,8790,164,72,7996,17236,294646
316,Endocrine system,Thyroid hormone signaling pathway,296,132,114,110,488,46618,70278,25700,86,106,278,63092,5194,150,88,322,84,266,186,508,120,352,30860,6988,470,8172,380,548,8154,17488,287628
331,Excretory system,Proximal tubule bicarbonate reclamation,10506,10136,9700,12846,10156,5460,4270,6900,13596,11716,11136,4474,4580,10362,9262,12120,12202,10822,11340,11216,11276,11066,8604,6534,13334,5152,12452,11080,7136,7646,287080
305,Sensory system,Inflammatory mediator regulation of TRP channels,30,106,34,8,16,48318,71382,25674,32,56,8,62206,5192,32,10,28,10,10,52,20,48,14,31280,7134,14,8430,22,2,8648,17470,286286
320,Endocrine system,Regulation of lipolysis in adipocytes,40,86,36,18,14,53104,77432,25758,38,44,46,65580,4632,16,14,24,20,8,14,20,14,12,23870,6000,4,6924,16,14,6136,14034,283968
372,Infectious diseases: Viral,Influenza A,356,386,480,324,786,43986,66752,24642,388,404,520,65522,5372,378,386,820,436,598,632,532,388,604,26412,7508,470,8312,704,554,8084,16370,283106
330,Excretory system,Vasopressin-regulated water reabsorption,20,64,54,2,8,46600,67764,26974,26,40,14,57350,5540,16,30,12,18,18,12,10,18,16,31954,7432,8,8330,14,8,8550,18408,279310
398,Cancers: Overview,Choline metabolism in cancer,758,480,844,706,830,41504,65918,22286,1000,836,778,63478,4456,708,886,1240,1006,676,590,550,734,690,27246,7136,1022,8378,1670,664,6702,15220,278992
300,Nervous system,Long-term depression,32,64,34,22,12,50080,72754,24758,20,36,46,57294,4670,16,12,66,18,12,8,12,14,8,24400,5438,2,6718,56,8,6076,14366,267052
314,Endocrine system,Prolactin signaling pathway,7172,6866,5700,7250,6084,15972,20958,14250,8424,7732,8180,23942,5700,6288,6370,5762,7590,6088,6014,5648,5824,6852,13790,9262,6408,7026,6050,7302,6898,10352,261754
309,Endocrine system,GnRH signaling pathway,18,76,40,6,14,43182,65318,22770,26,38,12,57158,4774,22,6,46,10,4,12,10,20,8,30048,6256,10,7674,54,2,7840,16080,261534
374,Infectious diseases: Viral,Herpes simplex infection,602,500,506,334,1066,39834,57946,24080,488,508,696,52078,5524,406,532,786,512,542,714,578,552,664,28212,7506,584,8556,738,820,8356,16958,261178
321,Endocrine system,Renin secretion,232,138,194,104,96,43554,65222,22482,112,138,304,56894,4524,108,186,142,90,54,106,136,140,42,27650,5726,66,6902,176,114,7590,14830,258052
213,Cell growth and death,Cell cycle - yeast,38,26,106,30,34,42844,62506,22864,26,78,42,52054,4904,28,54,56,46,38,44,10,32,50,31420,6132,36,7142,18,14,8188,17896,256756
137,Biosynthesis of other secondary metabolites,Glucosinolate biosynthesis,7246,6234,6854,8986,8622,8184,7314,13928,7308,7956,7770,10556,11060,7614,6430,7718,6302,8178,7812,7294,8452,7542,9808,11216,10230,10054,7756,7322,10286,9406,255438
353,Infectious diseases: Bacterial,Vibrio cholerae infection,50,118,58,22,78,41920,59916,23762,180,92,78,52306,5282,64,80,102,130,226,68,96,102,208,29252,6690,58,7710,72,78,8526,17944,255268
244,Signal transduction,Wnt signaling pathway,54,88,62,46,16,42048,61748,23006,52,52,62,53742,4658,28,52,34,60,40,34,14,44,18,29162,6306,8,7374,38,14,7970,15646,252476
348,Substance dependence,Amphetamine addiction,30,120,56,16,16,41814,59922,23442,24,52,8,51848,4886,60,32,4,32,8,22,18,36,6,28486,6394,6,7420,12,8,8236,16148,249162
339,Digestive system,Bile secretion,472,284,434,250,858,40274,56290,21768,318,402,572,45130,5616,318,270,618,260,344,382,404,320,480,29510,8188,420,8218,516,620,7902,17456,248894
371,Infectious diseases: Viral,Measles,250,318,454,308,706,37628,57056,21244,324,328,358,59774,4698,312,354,558,386,454,472,428,318,514,23044,6510,410,7590,574,526,7002,14584,247482
95,Xenobiotics biodegradation and metabolism,Naphthalene degradation,9048,8346,5736,9766,9316,4204,3702,7224,8330,8324,9696,4654,4860,8278,6052,10990,7114,10636,9844,8070,9356,10822,9758,11566,11164,9906,9738,8580,6514,5784,247378
248,Signal transduction,Hedgehog signaling pathway - fly,16,46,50,6,8,40210,60434,21678,26,40,12,54766,3966,10,14,12,12,12,10,22,14,6,29146,5578,0,6638,10,18,7560,15130,245450
209,Signal transduction,Phospholipase D signaling pathway,1150,512,954,1072,2102,34492,54962,19298,1180,904,1330,52498,4162,996,1016,1082,1208,1022,780,866,794,1032,22194,6166,1982,7122,1296,834,5400,12142,240548
351,Substance dependence,Alcoholism,34,70,48,76,34,36918,53624,22332,38,48,18,50280,4984,130,24,56,40,40,22,60,38,60,30092,6384,30,7782,52,20,8670,17506,239510
406,Immune diseases,Primary immunodeficiency,7236,5982,7162,8904,7578,7032,6022,9064,7258,8502,7982,7618,8810,8146,6422,7674,6966,7854,7792,7960,9040,8072,8772,7570,9820,8070,8454,7622,9140,9138,237662
114,Metabolism of cofactors and vitamins,Lipoic acid metabolism,7566,5744,8640,10498,8508,5392,4604,7636,8462,8484,8832,5442,8202,9214,7646,8452,8054,8396,8684,8494,10546,9384,5982,6072,10802,4766,9474,8560,6940,7002,236478
293,Nervous system,Neurotrophin signaling pathway,52,58,46,50,50,36528,55018,20768,60,20,72,50994,4666,76,24,134,26,62,34,40,46,52,27582,5860,80,7676,124,26,7856,15380,233460
82,Lipid metabolism,Arachidonic acid metabolism,2114,2188,2212,2886,3054,18198,17728,22854,2442,3186,2428,19994,20336,2586,2008,3016,2200,2616,2824,2734,3832,3424,16486,14030,3210,12930,2978,2868,16920,18356,232638
181,Transcription,Spliceosome,58,122,102,86,40,39228,56970,19968,140,74,70,49602,4706,132,122,122,106,106,52,118,96,64,24500,5558,68,6388,188,126,6880,13482,229274
122,Metabolism of terpenoids and polyketides,Limonene and pinene degradation,7068,7004,7574,10808,8616,5642,3508,7688,7436,9734,7694,5296,6304,9292,7218,9392,6928,9048,9616,9492,10974,9270,3466,4398,11170,6082,10004,8414,3986,3238,226360
195,Signal transduction,MAPK signaling pathway - fly,2986,2276,3688,3676,3248,22388,30502,14852,3740,3384,3054,29758,6928,3256,3198,3614,3210,3746,3730,3758,4654,4116,18268,5706,4852,5662,3698,3310,7476,12634,225368
247,Signal transduction,Hedgehog signaling pathway,12,50,38,2,204,37744,55982,18432,8,36,4,48156,3196,10,8,30,8,8,12,10,10,2,24978,4640,216,5418,66,2,6426,12996,218704
322,Endocrine system,Aldosterone synthesis and secretion,56,74,28,350,90,37000,55722,18660,18,32,44,45042,3846,464,14,22,12,66,24,36,60,62,24182,5258,60,6064,48,36,6558,13038,216966
369,Infectious diseases: Viral,Hepatitis C,210,260,376,260,700,32964,49038,18480,224,280,280,46776,3878,252,306,522,284,398,432,374,236,454,23752,6128,388,6952,502,476,6462,13728,215372
386,Cancers: Specific types,Glioma,26,54,26,8,10,34860,55272,18752,40,20,18,48478,3574,16,12,46,8,12,12,6,10,20,23150,4950,10,6774,50,0,5712,12372,214298
255,Signal transduction,Hippo signaling pathway - fly,22,48,26,18,0,33906,51218,20146,10,32,8,44490,4162,14,20,16,22,8,12,6,10,16,24650,5596,6,6432,8,8,6828,14402,212140
161,Drug resistance: Antineoplastic,EGFR tyrosine kinase inhibitor resistance,136,110,116,60,194,32636,52474,18742,82,142,124,48640,3302,96,98,766,58,102,140,100,122,154,21846,5186,106,6550,1018,142,5486,11928,210656
396,Cancers: Specific types,Breast cancer,96,58,28,38,30,33046,53548,17930,44,50,90,48598,2856,46,38,650,22,26,20,14,14,24,21226,4736,42,6248,910,2,4810,10972,206212
222,Transport and catabolism,Mitophagy - animal,26,34,36,16,46,34964,57772,17964,42,14,8,49074,2116,8,18,92,74,12,14,20,6,14,20078,3880,30,5320,56,16,4360,9862,205972
14,Lipid metabolism,Secondary bile acid biosynthesis,8790,6792,9328,11220,8046,800,842,1486,9672,9860,9728,744,962,9336,9116,7842,9332,9130,9064,8336,11002,10364,2626,2912,10638,2506,8640,8338,2084,2540,202076
140,Metabolism of terpenoids and polyketides,Insect hormone biosynthesis,6478,6478,6998,10016,8290,4922,3016,5080,6974,9162,7176,4120,5394,8662,6466,8992,6482,8460,9186,8964,10540,8494,2388,3218,10760,2376,9510,7806,2846,2164,201418
10,Lipid metabolism,Synthesis and degradation of ketone bodies,5650,5838,9070,7972,5542,5888,4820,9960,8604,8560,7156,9006,7120,6322,9566,4874,8410,4760,4544,4802,4418,5838,7212,8518,4894,6128,4848,6208,7170,7232,200930
60,Glycan biosynthesis and metabolism,N-Glycan biosynthesis,3860,3336,4304,5172,5242,10958,14108,10766,3942,4836,3896,11882,7320,4518,3600,5320,3592,4740,5222,5010,6584,5230,11584,6024,7396,11436,6212,4470,9044,10112,199716
283,Immune system,Fc gamma R-mediated phagocytosis,76,68,290,62,108,30900,48808,17206,296,76,108,45722,3286,84,338,732,246,230,66,54,88,230,20696,5124,84,5804,934,84,4960,11150,197910
352,Infectious diseases: Bacterial,Bacterial invasion of epithelial cells,3268,2262,2056,3402,1844,21080,31318,15366,2870,2664,4084,32520,7192,2966,2558,1720,2758,2352,1250,1382,1716,3138,14178,5946,1988,5976,2112,1766,4938,9188,195858
313,Endocrine system,Melanogenesis,16,64,36,2,12,32308,45916,17342,24,36,6,39910,3972,12,4,40,8,8,12,12,14,6,24454,4858,4,5840,54,2,6986,13352,195310
162,Drug resistance: Antineoplastic,Endocrine resistance,96,82,36,36,34,32262,48158,16712,46,66,86,44916,3280,46,38,640,24,10,14,12,20,24,19738,4750,40,5792,912,4,5026,11294,194194
13,Lipid metabolism,Primary bile acid biosynthesis,8544,6348,8678,10548,7838,796,838,1484,9166,9248,9316,744,946,8854,8388,7650,8778,8730,8670,8150,10466,9974,2630,2914,10372,2506,8418,8170,2076,2540,193780
329,Excretory system,Endocrine and other factor-regulated calcium reabsorption,194,94,70,8,8,32646,47142,17464,44,42,164,37086,3916,12,62,12,30,12,28,18,6,10,21734,5060,12,5904,10,12,6132,12674,190606
221,Transport and catabolism,Autophagy - other,22,94,14,12,4,32900,49892,17000,26,42,6,41406,2976,4,18,14,4,22,10,2,8,12,18942,4510,6,5836,6,4,4262,11246,189300
334,Digestive system,Gastric acid secretion,172,84,70,14,8,32836,48210,16010,48,42,154,37776,3656,28,46,14,20,2,28,20,32,6,21224,4164,4,5138,16,4,5942,11334,187102
203,Immune system,Chemokine signaling pathway,28,62,30,4,16,29434,42602,15610,34,42,24,40212,3228,12,8,58,10,12,12,6,14,10,19280,4608,4,5382,54,2,5274,11052,177124
296,Nervous system,Cholinergic synapse,12,58,32,16,22,30268,45526,15664,52,46,22,39918,3094,50,14,52,34,24,14,6,26,10,17782,4096,6,4848,56,20,4642,9970,176380
238,Cell growth and death,Apoptosis - fly,4944,3196,4494,4720,4034,13454,19638,8212,4690,4634,5214,18690,2550,4444,4370,3772,4326,3962,3762,3656,4512,4404,10150,2780,4794,2616,4134,3880,2664,6110,172806
224,Transport and catabolism,Mitophagy - yeast,206,120,330,188,60,28730,45232,14836,378,122,238,39668,2468,152,400,102,296,336,100,128,102,270,15546,4228,72,5474,56,190,3316,8518,171862
370,Infectious diseases: Viral,Hepatitis B,196,242,298,162,506,26006,40612,15366,212,316,256,38700,3048,292,248,418,264,328,364,242,202,378,17142,4544,348,5740,468,494,4644,9760,171796
383,Cancers: Specific types,Renal cell carcinoma,2862,2734,1906,3186,3720,13200,17954,11320,3246,2288,2708,21792,5082,2246,1912,4842,2664,3658,3686,3474,3218,3990,10180,6808,4390,6132,4444,3734,5254,7338,169968
346,Neurodegenerative diseases,Prion diseases,1092,812,946,1030,246,25326,35404,14158,784,1062,1262,32918,3282,830,908,378,638,790,478,398,652,914,16978,3918,392,4396,360,614,4780,9746,165492
182,"Folding, sorting and degradation",Proteasome,882,708,1084,716,2298,21154,28600,13554,742,1004,968,23668,4666,902,760,1718,630,1196,1422,1214,896,1466,18698,5836,1182,6356,1812,1894,6594,12150,164770
197,Signal transduction,Rap1 signaling pathway,16,48,20,6,10,25140,37206,14988,48,22,18,33744,3404,18,6,46,12,8,14,12,12,22,20074,4162,10,5150,48,0,5720,11422,161406
49,Biosynthesis of other secondary metabolites,Phenazine biosynthesis,1138,860,1662,1118,2880,10516,9400,16426,1526,1592,1402,12732,13380,1036,1530,2704,1438,2226,1516,1948,1540,2486,11896,12710,2474,14046,2538,2576,12608,10970,160874
292,Nervous system,Synaptic vesicle cycle,38,62,24,8,4,26484,37998,14574,68,38,24,30794,3510,38,52,20,32,32,46,6,2,12,19444,4518,14,5064,18,14,5312,12464,160714
385,Cancers: Specific types,Endometrial cancer,8,28,20,32,30,25364,40184,14664,24,22,22,38078,2528,44,8,84,16,48,16,6,12,22,16180,3878,50,4932,84,4,3894,8682,158964
343,Neurodegenerative diseases,Parkinson's disease,382,388,390,316,900,27478,36510,13700,624,318,294,29602,2934,426,324,130,562,376,200,178,152,128,17474,4104,154,4724,148,100,4592,10190,157798
217,Cell growth and death,p53 signaling pathway,56,54,48,24,58,25292,41124,14256,18,30,80,36186,1902,24,36,112,36,52,44,32,24,64,16624,3192,76,4532,124,22,3750,8586,156458
344,Neurodegenerative diseases,Amyotrophic lateral sclerosis (ALS),5548,4938,7166,9642,5602,2912,4402,1854,6356,7626,6556,4150,514,8372,5804,5696,5826,6364,6438,5840,8922,6800,1666,352,8166,524,6318,5188,460,868,150870
81,Lipid metabolism,Ether lipid metabolism,2178,1026,1590,1978,1882,14528,23252,9394,1652,1478,2336,23286,3618,1712,1594,2534,1156,1986,2114,2454,2360,2252,12642,4012,2356,4290,2566,2574,5698,10342,150840
349,Substance dependence,Morphine addiction,8,50,18,118,12,26194,36824,13492,6,32,12,35514,3196,126,4,0,8,18,6,8,8,20,13778,3452,6,3846,18,8,3860,8082,148724
294,Nervous system,Retrograde endocannabinoid signaling,256,264,294,350,344,24514,36336,12286,350,210,202,30334,3270,452,248,98,426,300,128,130,106,104,14074,3308,112,3892,140,74,3884,7826,144312
297,Nervous system,Serotonergic synapse,8,58,24,2,12,24962,37048,12886,14,34,14,30928,2558,14,4,42,6,4,8,4,12,2,15014,3318,2,3984,52,2,3938,8260,143214
362,Infectious diseases: Parasitic,Chagas disease (American trypanosomiasis),420,204,478,562,528,20382,28918,11700,458,370,486,27064,2636,554,460,402,456,524,318,712,588,730,16098,3652,838,4222,534,680,4246,8858,138078
302,Sensory system,Taste transduction,14,84,48,12,18,23266,33998,11956,98,36,10,33790,2164,8,30,26,14,24,24,16,12,4,12174,3084,10,3406,14,22,3254,6968,134584
249,Signal transduction,TGF-beta signaling pathway,6,26,32,14,28,20610,28746,12204,18,40,10,25986,2626,6,10,620,8,8,20,20,14,4,16056,3322,38,3888,880,16,4486,9690,129432
256,Signal transduction,Hippo signaling pathway -multiple species,20,40,46,0,18,21170,30966,12066,10,24,10,29626,2072,20,16,20,6,2,2,6,10,0,13074,2794,12,3422,4,2,3084,7182,125724
280,Immune system,T cell receptor signaling pathway,26,46,40,68,38,19770,30098,11248,54,34,48,29928,2176,48,42,120,44,58,26,10,46,36,13316,3188,58,3928,102,16,3414,7314,125340
409,Cardiovascular diseases,Dilated cardiomyopathy,24,254,38,108,14,20622,30522,11796,46,390,16,26912,2408,76,16,24,28,130,28,34,26,172,12560,3418,24,3208,16,42,3832,7650,124434
194,Signal transduction,ErbB signaling pathway,24,38,20,4,18,19368,29778,9964,32,20,14,28360,1984,10,8,646,4,14,8,4,14,20,13036,3150,20,3806,910,4,3164,7358,121800
308,Endocrine system,Insulin secretion,218,232,52,18,8,20146,28534,10606,42,372,262,24258,2276,26,34,8,20,0,6,14,6,2,11914,2706,2,3044,12,2,3236,6458,114514
403,Immune diseases,Rheumatoid arthritis,246,56,36,16,126,17990,25716,10568,56,64,292,21678,2468,20,46,124,26,76,54,60,38,98,13498,2988,72,3414,114,44,3686,8542,112212
34,Biosynthesis of other secondary metabolites,Penicillin and cephalosporin biosynthesis,3900,2612,3316,4482,2660,2734,3942,4736,3960,4404,4652,4334,3722,3812,3808,2868,3568,3146,3502,3032,3358,3456,3588,4546,3432,3076,2810,2992,5892,5196,111536
394,Cancers: Specific types,Small cell lung cancer,530,204,28,374,230,17900,28646,9948,576,310,494,24812,1556,306,24,230,400,110,292,204,234,168,9564,2416,232,3360,168,152,2250,5652,111370
390,Cancers: Specific types,Melanoma,8,16,14,6,10,17750,28244,10520,26,20,12,26044,1832,10,6,46,4,10,8,0,8,8,10740,2612,6,3404,46,0,2494,5878,109782
191,Replication and repair,Fanconi anemia pathway,1062,930,1866,1068,3336,7874,10862,7064,974,1596,1486,9982,3116,1206,1534,2860,1080,1700,1966,1628,1540,2388,9936,6434,1974,6646,2890,2622,4818,7130,109568
245,Development,Dorso-ventral axis formation,84,50,22,40,18,16624,26132,9694,36,42,78,24408,1562,36,36,40,40,4,4,8,10,10,13314,2736,30,3606,46,0,2950,7164,108824
356,Infectious diseases: Bacterial,Pathogenic Escherichia coli infection,6,30,18,2,4,16838,25194,10252,16,12,6,21770,2720,14,66,8,14,2,10,6,8,10,13626,3100,6,2952,6,6,4076,7692,108470
132,Biosynthesis of other secondary metabolites,Flavone and flavonol biosynthesis,3854,3120,2572,3012,2742,3402,4454,5164,3104,3132,3994,4898,4772,2240,2428,3256,2456,3554,3432,3184,3814,3750,4838,4344,3974,2868,3102,3192,5134,3644,107430
304,Sensory system,Phototransduction - fly,12,34,8,2,0,16854,26758,8750,14,6,0,18876,2018,12,2,4,6,4,10,6,4,10,12464,2246,6,2822,4,0,3650,6984,101566
393,Cancers: Specific types,Acute myeloid leukemia,22,22,16,4,16,15934,25308,8434,32,18,16,24724,1556,8,8,640,4,8,6,2,14,18,10004,2366,14,3174,904,2,2248,5734,101256
250,Development,Axon guidance,18,42,34,22,16,16136,24100,9120,192,26,12,22168,1902,42,30,20,204,10,14,6,8,12,11400,2728,8,2982,8,2,3096,6134,100492
332,Excretory system,Collecting duct acid secretion,6,20,4,4,2,16466,22902,9120,46,24,12,19590,2198,16,22,10,8,8,12,2,0,6,12514,2646,6,3028,18,4,3342,7792,99828
357,Infectious diseases: Bacterial,Shigellosis,16,24,14,2,54,15234,21594,10090,28,16,10,21018,2076,6,4,34,12,32,34,0,42,48,11546,2786,78,3242,4,10,3346,7234,98634
395,Cancers: Specific types,Non-small cell lung cancer,4,34,14,30,28,15066,23634,8632,22,16,12,24292,1704,34,4,80,4,38,10,4,12,22,9710,2366,48,3180,78,4,2328,5320,96730
281,Immune system,B cell receptor signaling pathway,14,42,32,28,26,15342,22628,8716,38,20,18,22194,1806,46,24,58,28,32,18,2,26,30,10812,2504,14,3076,50,0,2872,6082,96578
282,Immune system,Fc epsilon RI signaling pathway,4,24,14,46,28,14280,22240,8268,32,16,12,24248,1588,62,4,78,6,52,18,4,26,30,9340,2336,48,3088,78,4,2222,5100,93296
101,Xenobiotics biodegradation and metabolism,Styrene degradation,2524,2144,3798,3302,3510,1794,1638,3028,3610,3254,2998,2474,2802,2604,4116,2472,3600,3036,2996,3112,3348,3566,3098,4144,3648,3268,2138,3964,3170,2948,92104
179,Transcription,Basal transcription factors,1254,1156,1238,1188,2178,8230,10192,7154,856,1208,1370,9600,3488,1134,1052,2098,916,2140,2050,1948,1940,2022,6532,3664,1650,3332,1940,2166,3312,4088,91096
328,Excretory system,Aldosterone-regulated sodium reabsorption,160,22,46,36,28,14898,22160,8416,38,18,160,21634,1826,40,28,50,6,34,8,12,8,18,9226,2066,48,2738,38,4,2282,4866,90914
310,Endocrine system,Ovarian steroidogenesis,6,36,16,0,6,15208,21526,7912,6,24,2,19372,1522,4,4,0,4,0,6,4,6,0,9382,2648,0,2576,6,2,2792,5560,88630
267,Endocrine system,Renin-angiotensin system,1632,1006,1280,1914,1204,4706,5116,5458,1390,1150,1788,4938,5654,1590,1180,2296,1142,1034,1166,1822,1470,1270,6512,4622,1450,4384,2948,1332,7022,9336,87812
347,Substance dependence,Cocaine addiction,6,38,16,0,6,15242,21578,7964,6,24,2,19482,1532,4,4,0,4,0,6,4,6,0,9206,2236,0,2382,6,2,2642,5322,87720
41,Xenobiotics biodegradation and metabolism,Chlorocyclohexane and chlorobenzene degradation,4054,2820,3044,3572,2856,1632,1632,3516,4176,3222,4514,1756,1786,3152,3324,2576,3904,3116,2710,2914,2690,3308,1666,1744,3268,1596,2826,3086,1524,1300,83284
382,Cancers: Specific types,Colorectal cancer,4,14,12,138,8,12972,18850,7284,32,18,32,18844,1596,112,2,48,28,16,12,2,10,8,9888,2118,6,2626,48,0,2506,5352,82586
16,Lipid metabolism,Steroid hormone biosynthesis,2416,2286,2722,3144,3248,1650,1276,2230,3004,3432,2508,2266,2368,2720,2380,3360,2604,3070,3968,3474,4542,3168,654,1204,4580,1258,3702,2952,1516,920,78622
326,Endocrine and metabolic diseases,AGE-RAGE signaling pathway in diabetic complications,522,192,68,390,358,10768,15262,7136,612,312,498,19388,1394,318,52,222,426,144,310,192,256,228,7480,1810,412,2236,152,150,1880,4392,77560
124,Metabolism of terpenoids and polyketides,Carotenoid biosynthesis,2694,2222,2192,2606,2722,1644,1662,5536,2486,2764,2924,3464,3036,2110,2194,2432,2432,2526,2118,2156,1928,2826,2308,3582,2570,2494,2174,2844,2088,2246,76980
276,Immune system,Natural killer cell mediated cytotoxicity,16,48,32,12,14,12270,18672,7188,34,18,16,18920,1398,22,26,46,28,4,10,0,12,10,7474,1868,4,2480,44,0,1916,4252,76834
263,Cellular community - eukaryotes,Signaling pathways regulating pluripotency of stem cells,4,12,14,4,8,11810,17066,6786,78,18,8,17560,1526,8,2,42,48,12,6,8,8,8,8972,1960,4,2352,48,0,2386,5006,75764
148,Metabolism of terpenoids and polyketides,Nonribosomal peptide structures,2634,2028,2280,3074,1716,2994,1624,4974,2682,2606,2902,2838,2854,2524,2394,1740,2582,2122,1996,2016,2348,2368,2408,3600,2070,2488,1948,2416,2746,2182,75154
260,Cellular community - eukaryotes,Adherens junction,34,40,12,38,26,12152,17158,7478,54,30,52,14752,1904,12,28,46,44,64,34,6,48,60,8486,2126,20,2364,30,20,2466,5188,74772
251,Signal transduction,VEGF signaling pathway,6,50,30,12,14,11966,17394,7108,42,18,12,17460,1482,20,24,42,30,8,8,0,12,8,7986,1818,4,2350,44,0,2052,4494,74494
392,Cancers: Specific types,Chronic myeloid leukemia,24,16,10,4,8,11010,16934,6450,22,16,30,18248,1392,8,2,64,4,6,4,0,8,18,7940,1884,4,2486,44,0,2020,4604,73260
274,Signal transduction,Jak-STAT signaling pathway,12,16,8,4,2,11816,19804,5658,20,6,10,19404,862,6,8,10,2,6,4,0,2,14,6310,1636,4,2236,4,0,1296,3654,72814
253,Development,Osteoclast differentiation,16,36,36,64,28,11550,17176,6660,66,28,44,16838,1398,82,42,78,48,34,30,6,62,28,7046,1694,22,2124,62,16,1786,4052,71152
384,Cancers: Specific types,Pancreatic cancer,12,8,10,4,8,10676,15972,6380,28,16,10,16128,1430,8,4,42,10,6,4,0,8,10,7796,1794,4,2306,44,0,1912,4334,68964
303,Sensory system,Phototransduction,8,8,8,2,0,10662,15954,5496,10,0,10,12828,1370,4,0,0,14,0,2,6,2,4,8938,1444,2,2106,2,0,2612,4646,66138
91,Xenobiotics biodegradation and metabolism,Xylene degradation,2106,1136,1316,1854,1194,3102,1760,5400,1534,1686,2176,3592,3692,1646,1522,1492,1432,1456,1362,1258,1424,1340,2378,4298,1262,2382,1456,1540,2696,2694,62186
284,Signal transduction,TNF signaling pathway,256,42,44,66,136,9440,14032,5566,72,72,320,14124,1246,62,42,194,40,84,56,64,76,112,5614,1470,70,2072,162,42,1496,3364,60436
285,Immune system,Leukocyte transendothelial migration,6,46,2,4,4,9520,15430,5874,24,12,10,14758,1026,12,6,6,8,2,8,0,4,10,5346,1524,6,1622,4,0,1524,3420,60218
90,Xenobiotics biodegradation and metabolism,Dioxin degradation,2062,1138,1422,1790,1064,2954,1670,5012,1554,1616,2088,3302,3430,1610,1638,1428,1386,1418,1346,1206,1374,1258,2218,4002,1190,2188,1384,1408,2536,2458,59150
367,Infectious diseases: Bacterial,Staphylococcus aureus infection,1506,758,714,1638,2582,1490,1000,2866,738,1232,1620,3196,2024,1274,856,2552,720,1988,1746,1854,1622,2490,2902,3828,2014,3402,2452,2314,2672,2804,58854
268,Immune system,Toll-like receptor signaling pathway,14,6,20,34,10,9090,13624,5140,56,26,40,14644,1162,14,18,82,28,22,16,4,38,28,5760,1332,8,1724,62,10,1386,3284,57682
361,Infectious diseases: Parasitic,Leishmaniasis,4,14,24,30,6,8254,13194,4630,42,22,34,13482,1006,8,18,44,28,16,14,6,32,20,7718,1098,6,1378,22,10,1754,3770,56684
147,Metabolism of terpenoids and polyketides,Biosynthesis of siderophore group nonribosomal peptides,1994,1134,1426,1618,2210,2692,3186,2642,1066,1540,1790,2658,3096,1484,1452,1406,868,1524,1742,1012,2440,1680,2208,1824,3482,674,1552,916,2494,2028,55838
363,Infectious diseases: Parasitic,African trypanosomiasis,824,216,370,604,866,4852,8700,3358,560,426,778,9198,782,758,348,426,482,648,508,826,624,844,7138,1206,1236,1210,576,758,1786,2654,53562
211,Signaling molecules and interaction,Neuroactive ligand-receptor interaction,2666,1636,2308,2360,1538,762,368,842,2420,2266,2750,708,1706,2298,2288,1248,2228,1706,1340,1512,1744,2078,334,682,1750,422,1372,1698,384,268,45682
402,Immune diseases,Systemic lupus erythematosus,4,12,4,6,8,5928,8586,4208,20,20,2,9546,928,32,10,8,36,12,14,2,6,8,6010,1244,18,1334,14,4,1954,4044,44022
190,Replication and repair,Non-homologous end-joining,574,736,994,874,890,4040,6478,2658,866,954,780,5308,1050,934,844,808,970,588,646,560,594,758,3056,1206,616,1204,800,944,1268,1830,43828
56,Metabolism of other amino acids,D-Arginine and D-ornithine metabolism,1216,1228,1502,1888,1526,992,766,2060,1712,1490,1482,1404,2132,1484,1550,1270,1496,1496,1224,1440,1124,1560,1278,1906,1476,1160,1254,1548,1472,1308,43444
272,Immune system,Toll and Imd signaling pathway,268,48,254,176,206,6848,10658,3346,188,42,278,8626,474,150,210,180,242,106,192,168,218,196,3940,732,344,912,234,200,1056,2150,42642
139,Xenobiotics biodegradation and metabolism,Metabolism of xenobiotics by cytochrome P450,804,370,594,744,1480,2150,3272,3212,672,616,840,2702,1446,640,500,852,632,922,724,812,600,1036,2390,2104,1592,4584,762,900,1844,1888,41684
389,Cancers: Specific types,Basal cell carcinoma,2,4,12,6,2,6482,9758,3378,16,10,4,9220,738,0,4,0,2,10,2,14,4,6,4864,884,0,1128,4,14,1278,2496,40342
117,Metabolism of cofactors and vitamins,Retinol metabolism,612,470,732,782,1524,1778,1968,2564,872,614,760,2310,1386,666,630,790,738,850,618,758,610,926,2310,2040,1510,4450,726,870,1714,1768,38346
377,Cancers: Overview,Transcriptional misregulation in cancer,244,36,34,16,114,4312,7730,3478,20,54,282,8734,790,36,28,122,26,74,44,60,42,100,4740,1162,62,1432,100,36,1504,2854,38266
116,Xenobiotics biodegradation and metabolism,Atrazine degradation,1014,1350,1752,2522,1410,1184,502,1132,1922,2170,1410,470,636,2290,1618,1344,1784,1644,1208,1418,1342,1788,228,504,1520,188,1650,1540,488,192,38220
220,"Folding, sorting and degradation",SNARE interactions in vesicular transport,2,16,4,2,0,6292,9872,3372,4,0,4,7440,570,16,8,4,0,0,0,2,0,0,4540,952,4,1028,0,0,1136,1978,37246
141,Xenobiotics biodegradation and metabolism,Drug metabolism - cytochrome P450,690,324,566,716,1362,1938,2888,2410,538,542,706,2412,1172,596,448,762,474,764,578,660,502,848,2190,1790,1460,4250,674,738,1594,1662,36254
129,Xenobiotics biodegradation and metabolism,Caprolactam degradation,754,570,608,844,368,1692,2042,3896,500,666,662,2218,2356,664,834,512,462,604,450,560,500,806,1934,1758,468,3960,620,634,1740,1684,35366
289,Environmental adaptation,Circadian rhythm - plant,12,6,4,8,2,5490,8862,3450,4,6,4,6196,790,6,4,0,6,4,2,4,2,2,4550,1094,6,1358,0,0,1122,2294,35288
278,Immune system,Th1 and Th2 cell differentiation,38,42,32,40,22,5942,8234,3664,22,32,36,7264,796,46,48,22,40,6,8,6,6,6,3784,832,26,1120,0,0,1016,2152,35282
288,Environmental adaptation,Circadian rhythm - fly,8,2,6,4,0,5718,8370,3244,0,6,4,6168,838,8,2,2,0,6,2,2,0,0,4818,866,0,888,4,0,1400,2504,34870
391,Cancers: Specific types,Bladder cancer,330,68,122,150,32,4876,6554,3226,120,68,292,6006,932,208,140,282,138,258,98,40,64,72,4160,890,100,1410,144,18,1172,2292,34262
410,Cardiovascular diseases,Viral myocarditis,6,22,2,0,0,4750,8144,3182,20,6,8,6976,594,10,2,6,8,2,10,4,2,10,3264,788,4,768,2,0,974,2256,31820
408,Cardiovascular diseases,Arrhythmogenic right ventricular cardiomyopathy (ARVC),6,196,2,8,0,4536,7794,3678,30,352,6,6384,606,8,2,4,12,2,8,4,2,6,3020,772,4,698,2,0,948,2086,31176
204,Signal transduction,NF-kappa B signaling pathway,22,14,12,54,4,5274,7990,2734,36,26,38,5388,664,34,24,36,28,30,22,6,46,30,3220,908,8,1122,18,10,878,1890,30566
340,Digestive system,Vitamin digestion and absorption,0,6,2,2,30,4206,7774,2504,2,4,0,5344,576,22,0,4,12,4,4,6,4,0,2904,732,32,792,2,4,566,1638,27176
388,Cancers: Specific types,Thyroid cancer,2,6,8,0,6,3898,5226,2734,8,10,4,5416,726,2,0,40,2,2,2,0,6,2,3530,666,2,892,42,0,910,1934,26076
239,Cell growth and death,Apoptosis - multiple species,0,0,2,0,2,3948,6608,1852,2,0,0,5568,472,2,0,2,0,2,0,0,4,0,3408,536,8,550,2,2,888,2118,25976
84,Lipid metabolism,alpha-Linolenic acid metabolism,256,234,306,390,270,676,1076,1494,276,324,292,1342,1720,342,228,436,206,310,328,184,424,316,1722,1316,240,1550,350,170,2932,4406,24116
270,Immune system,RIG-I-like receptor signaling pathway,18,28,10,42,22,3470,5218,1714,74,38,36,4962,300,22,28,58,68,34,18,10,32,20,2950,726,20,1064,30,16,746,1800,23574
271,Immune system,Cytosolic DNA-sensing pathway,12,8,2,4,16,3390,5966,2122,0,8,14,4312,416,0,10,28,2,12,0,36,0,2,2526,416,12,592,6,10,682,1408,22012
83,Lipid metabolism,Linoleic acid metabolism,172,132,124,248,112,210,674,996,160,202,182,790,1452,202,76,302,96,190,254,148,344,214,1446,1138,96,1298,250,108,2754,4188,18558
126,Metabolism of terpenoids and polyketides,Sesquiterpenoid and triterpenoid biosynthesis,372,96,306,652,1222,1298,944,1332,398,162,332,1066,1100,526,218,614,452,808,704,598,890,530,430,202,1230,170,690,478,538,192,18550
241,Circulatory system,Cardiac muscle contraction,204,234,98,50,536,2678,3454,1676,180,386,186,2108,630,40,52,12,114,16,18,18,8,28,1390,350,24,394,12,16,450,726,16088
246,Signal transduction,Notch signaling pathway,88,36,6,32,28,2064,2666,1558,12,40,96,3228,264,36,26,20,18,4,2,6,2,16,2178,394,44,396,44,0,588,1240,15132
341,Digestive system,Mineral absorption,192,30,108,66,88,2472,2686,1146,46,46,224,1274,646,74,82,94,26,98,62,82,78,118,1536,390,92,452,90,86,666,1012,14062
12,Lipid metabolism,Steroid biosynthesis,176,38,164,304,682,948,1380,590,176,50,172,1268,474,240,98,280,164,402,236,324,256,288,1300,240,648,388,344,210,482,472,12794
30,Metabolism of terpenoids and polyketides,Geraniol degradation,186,180,350,390,266,650,226,1142,234,234,266,860,614,338,290,262,222,360,168,190,186,410,698,694,340,528,200,240,456,580,11760
379,Cancers: Overview,Chemical carcinogenesis,308,124,146,216,66,1344,2100,1074,198,230,276,1264,236,206,146,106,264,110,100,104,56,108,952,336,98,264,72,152,304,488,11448
258,Signaling molecules and interaction,ECM-receptor interaction,534,212,76,532,360,328,616,214,706,346,502,780,184,412,104,270,464,302,380,438,432,430,536,124,464,40,260,338,126,216,10726
8,Lipid metabolism,Fatty acid elongation,18,18,10,44,20,1464,2146,884,60,16,6,2090,130,26,6,24,38,6,4,10,18,16,976,342,30,804,18,16,404,548,10192
338,Digestive system,Fat digestion and absorption,38,6,10,58,20,1328,1996,740,96,4,18,1088,340,40,12,24,46,36,20,16,10,44,1510,370,12,316,14,16,384,846,9458
364,Infectious diseases: Parasitic,Malaria,28,38,70,164,156,1948,3878,522,144,86,50,36,156,124,108,66,74,184,102,252,192,210,36,64,242,14,118,194,18,38,9312
79,Glycan biosynthesis and metabolism,Glycosylphosphatidylinositol (GPI)-anchor biosynthesis,0,2,0,0,2,1568,2338,678,4,0,0,1768,94,0,0,0,0,0,4,0,8,0,1110,200,2,204,0,2,240,454,8678
65,Glycan biosynthesis and metabolism,Mannose type O-glycan biosynthesis,196,162,198,306,242,260,196,558,22,352,244,36,170,340,138,200,2,276,128,264,370,302,424,220,216,96,178,244,814,380,7534
210,Signal transduction,Plant hormone signal transduction,0,6,14,18,4,678,1198,332,4,2,0,490,62,8,6,16,4,4,24,12,30,2,878,812,10,820,2,18,482,806,6742
92,Xenobiotics biodegradation and metabolism,Toluene degradation,106,122,202,130,208,230,208,578,202,180,134,502,344,126,210,170,314,224,72,114,88,292,190,410,188,260,164,186,276,266,6696
44,Xenobiotics biodegradation and metabolism,Fluorobenzoate degradation,72,80,150,28,128,88,130,378,190,106,68,450,90,62,106,156,260,174,34,58,72,232,86,212,88,142,122,108,146,202,4218
100,Xenobiotics biodegradation and metabolism,Ethylbenzene degradation,68,96,172,128,158,196,78,308,106,112,68,380,238,136,136,134,100,118,74,36,80,100,94,146,144,230,100,62,142,154,4094
64,Glycan biosynthesis and metabolism,Other types of O-glycan biosynthesis,0,20,16,14,20,200,220,144,10,26,0,26,136,2,8,8,2,16,16,18,16,26,332,20,32,10,8,32,28,86,1492
350,Substance dependence,Nicotine addiction,2,0,0,116,6,6,4,12,0,0,0,2,778,120,0,0,2,14,0,0,2,20,28,18,4,62,8,2,102,32,1340
25,Metabolism of terpenoids and polyketides,Tetracycline biosynthesis,0,0,0,0,116,0,0,2,0,0,0,2,0,0,0,42,0,96,148,90,266,70,58,24,116,52,48,116,56,38,1340
123,Metabolism of terpenoids and polyketides,Brassinosteroid biosynthesis,0,0,0,0,0,150,248,88,0,0,0,334,14,0,0,0,0,0,0,2,0,0,172,76,0,78,0,0,52,46,1260
143,Xenobiotics biodegradation and metabolism,Steroid degradation,6,4,10,4,20,58,10,86,24,8,10,142,36,0,16,20,30,32,10,16,28,36,64,88,22,28,2,24,88,46,968
264,Immune system,Complement and coagulation cascades,4,16,10,130,10,0,44,56,12,12,20,28,24,134,6,18,24,20,14,8,8,30,18,2,8,16,6,18,28,34,758
259,Signaling molecules and interaction,Cell adhesion molecules (CAMs),4,0,0,0,12,42,40,38,4,0,0,202,42,2,0,0,0,24,8,0,0,44,96,20,10,10,2,0,44,72,716
72,Glycan biosynthesis and metabolism,Glycosaminoglycan biosynthesis - chondroitin sulfate / dermatan sulfate,0,54,98,0,10,0,0,18,18,42,0,14,212,0,80,0,6,16,0,16,0,34,10,4,6,2,0,20,20,12,692
93,Xenobiotics biodegradation and metabolism,Polycyclic aromatic hydrocarbon degradation,14,46,172,22,2,0,0,0,44,8,18,0,0,16,156,12,36,16,32,16,2,22,0,0,10,0,4,18,0,0,666
136,Biosynthesis of other secondary metabolites,Betalain biosynthesis,0,0,0,0,0,6,30,16,0,0,0,108,50,0,0,0,0,20,0,0,0,6,6,24,0,2,0,0,2,90,360
21,Biosynthesis of other secondary metabolites,Puromycin biosynthesis,0,0,14,0,0,48,36,80,10,0,0,34,0,0,14,0,4,0,0,0,0,0,2,6,0,30,0,0,2,38,318
401,Immune diseases,Inflammatory bowel disease (IBD),0,0,0,0,0,44,24,40,0,0,0,10,0,0,0,0,0,0,0,0,0,0,56,0,0,2,0,0,30,108,314
275,Immune system,Hematopoietic cell lineage,0,0,0,0,12,68,60,14,2,0,0,22,0,0,0,0,0,4,0,0,0,14,2,2,10,0,2,0,44,22,278
146,Metabolism of terpenoids and polyketides,Type I polyketide structures,8,6,6,12,8,34,0,0,0,2,20,8,4,6,2,10,0,6,0,20,2,6,8,12,14,28,16,4,16,4,262
45,Xenobiotics biodegradation and metabolism,Furfural degradation,0,0,0,0,0,62,4,118,0,0,0,14,6,0,0,0,0,0,0,0,0,0,12,0,0,30,2,0,0,6,254
152,Metabolism of terpenoids and polyketides,Biosynthesis of enediyne antibiotics,0,6,0,2,8,92,0,32,2,10,0,18,6,0,2,2,0,8,0,6,10,6,6,6,10,0,6,2,0,0,240
86,Glycan biosynthesis and metabolism,Glycosphingolipid biosynthesis - lacto and neolacto series,88,0,0,0,0,0,0,0,6,0,54,6,0,8,0,0,40,0,4,0,4,0,0,0,0,0,0,0,0,0,210
133,Biosynthesis of other secondary metabolites,"Stilbenoid, diarylheptanoid and gingerol biosynthesis",14,2,0,2,14,0,0,0,28,26,10,0,0,4,0,0,16,6,0,2,0,10,0,0,2,0,0,8,0,0,144
131,Biosynthesis of other secondary metabolites,Flavonoid biosynthesis,14,2,0,2,14,0,0,0,28,26,10,0,0,4,0,0,16,6,0,2,0,10,0,0,2,0,0,8,0,0,144
62,Glycan biosynthesis and metabolism,Mucin type O-glycan biosynthesis,0,0,0,58,0,0,0,0,2,0,0,0,0,72,0,0,4,0,0,0,0,2,0,0,0,0,0,0,0,0,138
22,Biosynthesis of other secondary metabolites,Caffeine metabolism,8,0,4,8,0,2,0,0,2,6,0,10,0,0,2,0,2,8,0,2,2,4,12,0,2,0,0,14,12,0,100
151,Metabolism of terpenoids and polyketides,Biosynthesis of type II polyketide products,10,2,0,0,6,0,0,0,22,0,6,0,0,0,0,0,12,4,2,0,0,0,0,0,18,0,0,10,0,0,92
11,Lipid metabolism,"Cutin, suberine and wax biosynthesis",0,0,0,0,0,10,0,0,0,0,0,20,12,0,0,0,0,0,2,0,0,0,2,8,0,0,0,0,4,0,58
43,Xenobiotics biodegradation and metabolism,Bisphenol degradation,0,0,0,0,0,0,2,4,0,0,0,0,0,0,0,0,0,0,0,0,0,0,34,0,0,0,0,0,0,12,52
121,Metabolism of terpenoids and polyketides,Monoterpenoid biosynthesis,0,0,0,0,0,0,0,0,6,4,8,0,0,0,12,4,0,0,0,2,0,0,0,0,0,0,0,0,0,0,36
74,Glycan biosynthesis and metabolism,Glycosaminoglycan biosynthesis - heparan sulfate / heparin,0,0,4,0,0,0,0,0,0,0,0,14,0,2,0,0,2,0,0,0,0,0,0,0,0,0,0,0,0,0,22
150,Metabolism of terpenoids and polyketides,Biosynthesis of type II polyketide backbone,0,0,0,0,0,0,0,0,0,0,0,0,0,0,0,0,0,6,2,6,0,2,0,0,0,0,0,4,0,0,20
36,Biosynthesis of other secondary metabolites,Clavulanic acid biosynthesis,0,0,2,0,0,6,0,0,0,0,0,0,0,0,12,0,0,0,0,0,0,0,0,0,0,0,0,0,0,0,20
120,Biosynthesis of other secondary metabolites,Indole alkaloid biosynthesis,0,0,0,0,0,12,0,0,0,0,0,0,2,0,4,0,0,0,0,0,0,0,0,0,0,0,0,0,0,0,18
202,Signaling molecules and interaction,Cytokine-cytokine receptor interaction,0,0,0,0,0,0,10,0,0,0,0,0,0,0,0,4,0,0,0,0,0,0,0,0,0,0,0,0,0,0,14
400,Immune diseases,Autoimmune thyroid disease,0,0,0,0,0,0,0,0,0,0,0,0,0,2,0,4,0,0,2,0,0,2,0,0,0,0,0,0,0,0,10
405,Immune diseases,Graft-versus-host disease,0,0,0,0,0,0,0,0,0,0,0,0,0,2,0,0,0,0,2,0,0,2,0,0,0,0,0,0,0,0,6
404,Immune diseases,Allograft rejection,0,0,0,0,0,0,0,0,0,0,0,0,0,2,0,0,0,0,2,0,0,2,0,0,0,0,0,0,0,0,6
73,Glycan biosynthesis and metabolism,Glycosaminoglycan biosynthesis - keratan sulfate,0,0,0,0,0,0,0,0,0,0,0,6,0,0,0,0,0,0,0,0,0,0,0,0,0,0,0,0,0,0,6
399,Immune diseases,Asthma,0,0,0,0,0,0,0,0,0,0,0,0,0,0,0,0,0,0,0,0,0,0,0,0,0,0,0,0,0,0,0
286,Immune system,Intestinal immune network for IgA production,0,0,0,0,0,0,0,0,0,0,0,0,0,0,0,0,0,0,0,0,0,0,0,0,0,0,0,0,0,0,0
