#Taxonomy,S_JC2,S_MC1,F_LW2,F_JC4,F_MC1,F_JC5,F_MC3,S_MC2,S_MC4,S_MC3,S_LW3,S_JC1,F_MC4,S_JC3,N_F_LW1,F_LW4,S_MC5,S_LW4,F_MC2,F_LW3,F_JC3,S_JC4,S_LW2,F_LW1,F_JC1,S_LW5,F_JC2,F_LW5,S_LW1,F_MC5,S_JC5,Total
d__Bacteria;k__unclassified_d__Bacteria;p__candidate_division_KD3-62,254,300,8,310,266,428,190,184,198,158,112,298,256,240,58,126,186,136,184,366,226,272,204,150,174,138,220,204,190,354,244,6634
d__Bacteria;k__unclassified_d__Bacteria;p__Candidatus_Amesbacteria,94,18,234,22,72,96,32,110,30,122,90,16,28,140,26,46,56,48,142,108,16,46,80,162,64,82,80,116,64,94,60,2394
d__Eukaryota;k__unclassified_d__Eukaryota;p__Apicomplexa,1342,856,180462,1164,1404,1528,852,1188,708,1572,16220,1040,950,1594,12216,13094,1142,18464,790,119946,878,660,74814,66476,1082,39036,816,155862,19650,1110,1314,738230
d__Eukaryota;k__unclassified_d__Eukaryota;p__Chromerida,104,94,89228,84,104,86,26,86,82,34,6988,150,48,94,6900,6198,58,8156,26,57364,86,80,32110,28948,82,17342,74,68208,8696,52,102,331690
d__Bacteria;k__unclassified_d__Bacteria;p__candidate_division_WOR-3,186,772,196,118,172,226,94,150,276,140,648,684,120,218,142,402,70,664,206,384,68,430,1744,1692,184,310,190,256,496,148,96,11482
d__Bacteria;k__unclassified_d__Bacteria;p__Candidatus_Kaiserbacteria,44,22,132,54,38,48,34,46,54,20,128,54,64,74,138,150,6,348,50,146,36,70,96,310,16,176,58,138,200,30,34,2814
d__Bacteria;k__unclassified_d__Bacteria;p__Actinobacteria,171128,220716,321292,219012,202296,196734,159174,244466,230046,144664,708672,232364,196442,163212,109624,414272,294682,429438,248950,265546,180360,214838,495396,609732,156316,453920,141670,449080,526374,189004,223340,8812760
d__Bacteria;k__unclassified_d__Bacteria;p__Candidatus_Rokubacteria,162,158,226,170,144,306,136,98,128,102,444,416,142,216,52,310,164,268,92,352,90,188,374,348,214,232,94,298,144,186,266,6520
d__Bacteria;k__unclassified_d__Bacteria;p__Candidatus_Microgenomates,168,358,186,118,274,686,40,160,202,40,146,370,126,154,134,336,154,120,570,244,42,246,220,626,350,80,324,138,158,650,222,7642
d__Eukaryota;k__unclassified_d__Eukaryota;p__unclassified_d__Eukaryota,22122,22710,5231098,24690,28210,31798,29470,19404,25160,22238,438230,24272,24696,25382,364360,336282,22414,501208,33102,3360858,20666,28900,2084468,1788910,27514,1094694,34134,4360264,534290,28610,29770,20619924
d__Archaea;k__unclassified_d__Archaea;p__Nanoarchaeota,4,0,154,0,0,2,4,0,0,44,44,0,0,44,0,6,0,78,0,26,2,0,132,56,0,102,0,142,46,12,2,900
d__Bacteria;k__unclassified_d__Bacteria;p__Candidatus_Peregrinibacteria,1428,1304,824,982,1208,1300,736,1214,1410,1092,1316,1786,1000,1572,440,1286,1526,1258,960,1190,634,3164,1266,3394,1254,834,1012,2124,1116,1180,2218,42028
d__Eukaryota;k__unclassified_d__Eukaryota;p__Eustigmatophyceae,56,44,5882,38,6,224,104,22,26,6,670,58,10,64,416,460,70,808,6,3154,46,76,2552,1668,24,1246,4,4322,594,152,74,22882
d__Eukaryota;k__Metazoa;p__Acanthocephala,0,0,18,0,0,0,0,0,0,0,0,0,0,0,2,0,0,0,0,4,0,0,2,2,0,6,0,2,2,0,0,38
d__Eukaryota;k__Fungi;p__unclassified_k__Fungi,620,554,71070,912,500,600,604,564,472,528,6152,688,1142,600,3830,4614,586,6622,840,48458,564,636,26414,25278,434,16694,702,61400,7482,442,790,290792
d__Eukaryota;k__Fungi;p__Neocallimastigomycota,868,536,17978,414,416,490,362,676,1294,808,2720,594,402,562,2096,4476,424,2328,450,14542,290,1420,4760,9764,510,4092,386,18614,2358,260,874,95764
d__Bacteria;k__unclassified_d__Bacteria;p__Chlamydiae,21056,22484,27322,20450,17732,19168,19114,20288,22248,19830,47522,25252,18720,22800,8416,41602,24674,79808,19932,21194,18196,25700,47560,41732,16100,91912,16122,33242,63558,17516,34650,925900
d__Bacteria;k__unclassified_d__Bacteria;p__Proteobacteria,564564,733254,390904,639612,962066,710108,468614,390928,439756,507682,425826,923916,539130,713592,508146,467218,616710,443480,524378,443048,441798,783532,393116,682734,993330,388028,633004,544356,634828,585094,893692,18386444
d__Archaea;k__unclassified_d__Archaea;p__Candidatus_Micrarchaeota,14,10,8,88,152,28,16,36,2,10,62,20,74,32,24,2,40,34,2,2,36,26,38,38,150,14,6,2,64,54,104,1188
d__Eukaryota;k__Metazoa;p__Entoprocta,0,0,32,0,0,0,0,0,0,0,0,0,0,0,0,4,0,0,0,14,0,0,0,0,0,0,0,0,0,0,0,50
d__Bacteria;k__unclassified_d__Bacteria;p__Lentisphaerae,5864,5118,1778,5222,9562,24772,2898,1790,2436,2074,2058,17318,2936,13318,468,2894,6040,1556,3318,2834,2476,15394,2720,2896,10794,1820,6894,2424,1316,16998,11174,189160
d__Eukaryota;k__Metazoa;p__Bryozoa,0,0,206,0,10,0,0,0,0,0,32,0,0,0,14,2,0,64,0,84,0,0,176,30,12,194,0,26,22,0,0,872
d__Eukaryota;k__unclassified_d__Eukaryota;p__Bacillariophyta,338,336,8558,134,300,416,246,324,324,542,860,408,140,602,576,892,380,1258,186,6376,250,374,3882,3216,396,2270,162,7906,1098,458,560,43768
d__Bacteria;k__unclassified_d__Bacteria;p__Candidatus_Nomurabacteria,410,864,402,470,450,360,512,318,482,570,670,806,400,566,224,722,308,1006,618,776,546,738,590,1252,622,1196,648,1254,912,292,582,19566
d__Eukaryota;k__Metazoa;p__Cnidaria,516,816,88160,828,854,566,670,598,498,400,6666,938,736,600,4692,5294,700,7472,752,50996,580,824,33604,26656,868,14284,584,58824,7436,504,1046,317962
d__Bacteria;k__unclassified_d__Bacteria;p__Candidatus_Aminicenantes,0,0,0,0,8,22,16,0,0,0,0,4,0,2,0,14,0,0,4,0,2,12,0,0,12,0,8,0,0,0,4,108
d__Eukaryota;k__Fungi;p__Blastocladiomycota,26,8,2614,2,4,38,0,10,12,10,436,16,4,8,146,190,22,378,2,1758,0,2,1352,1034,34,788,0,2974,358,18,4,12248
d__Eukaryota;k__Metazoa;p__Echinodermata,186,178,7544,94,338,216,78,208,112,120,1072,244,82,176,382,486,520,832,106,5056,80,122,3722,3010,406,2046,48,9202,1454,204,442,38766
d__Bacteria;k__unclassified_d__Bacteria;p__Elusimicrobia,5366,3232,900,4046,5106,2700,1566,1664,1628,2440,1196,8350,3330,4118,702,1272,1538,2356,1536,1552,1424,5282,1108,1280,5848,690,1532,1782,1720,2102,2204,79570
d__Bacteria;k__unclassified_d__Bacteria;p__Candidatus_Omnitrophica,4342,4482,1672,5326,5382,7918,3768,4500,3382,3206,2266,6344,4170,4984,534,4372,6298,1778,3258,4216,3826,5830,2072,2622,5730,1336,4158,2854,1128,6530,8514,126798
d__Bacteria;k__unclassified_d__Bacteria;p__Thermodesulfobacteria,1392,2016,740,1028,1502,2088,902,1172,1116,1098,1796,2834,718,1448,468,1700,1584,924,928,1704,894,2324,1396,2130,1358,760,1390,1792,798,1612,2694,44306
d__Bacteria;k__unclassified_d__Bacteria;p__Spirochaetes,621312,506068,767724,628752,285866,289760,293420,534424,756216,949342,974478,470282,471358,665642,267070,1797028,341870,767224,389962,1184378,263576,866536,659934,2485942,314278,744022,403886,806008,250850,241620,642692,20641520
d__Bacteria;k__unclassified_d__Bacteria;p__Fusobacteria,28854,42550,26488,68420,50418,33264,31586,27336,28482,30280,41418,55756,64778,36164,12612,33584,31116,38856,43072,32822,28684,38772,40642,70398,48982,33162,38242,42056,80886,32434,41740,1253854
d__Eukaryota;k__Metazoa;p__Orthonectida,0,2,4314,0,10,20,0,0,0,2,456,0,0,0,440,400,0,628,0,3220,0,2,2654,1994,10,1134,2,4538,544,0,0,20370
d__Eukaryota;k__unclassified_d__Eukaryota;p__Euglenida,0,0,38,0,2,0,0,0,2,0,6,16,0,0,0,72,0,2,8,10,0,2,20,6,0,94,2,12,6,0,0,298
d__Archaea;k__unclassified_d__Archaea;p__Candidatus_Korarchaeota,28,54,74,62,24,36,178,22,26,224,36,44,78,210,2,12,26,24,48,32,186,32,224,54,28,98,30,18,56,40,22,2028
d__Eukaryota;k__Metazoa;p__Priapulida,124,154,4442,178,264,90,58,124,152,140,826,162,114,126,356,434,368,394,106,2992,76,110,1662,2016,296,944,48,8852,520,92,360,26580
d__Eukaryota;k__Metazoa;p__Annelida,72,86,24064,156,124,266,178,62,76,64,2052,142,136,150,1564,1924,104,2324,226,15954,86,74,10494,8722,162,4832,114,17374,2274,194,136,94186
d__Archaea;k__unclassified_d__Archaea;p__Candidatus_Thorarchaeota,388,440,230,318,544,698,392,454,506,358,394,536,302,480,26,152,212,90,398,218,356,532,146,248,436,126,330,276,132,698,348,10764
d__Eukaryota;k__Metazoa;p__Brachiopoda,306,668,21928,396,814,232,236,282,328,216,4108,554,304,380,1550,1792,1118,2436,248,13858,194,284,10736,10304,662,4734,156,21050,3954,192,1110,105130
d__Bacteria;k__unclassified_d__Bacteria;p__Ignavibacteriae,3256,2452,2540,2438,1712,1910,1308,2470,2008,2272,3310,2678,2026,1974,608,3308,2588,3072,1844,3472,1388,2490,1654,2734,1774,2298,1436,4570,5458,1424,3610,76082
d__Eukaryota;k__Metazoa;p__Platyhelminthes,36,90,14776,46,188,98,152,34,18,84,1910,72,18,70,744,1356,186,2092,102,11374,136,18,8224,6084,190,5126,160,12160,2082,28,136,67790
d__Eukaryota;k__Fungi;p__Entomophthoromycota,12,78,6234,24,6,22,4,18,2,8,890,52,10,12,456,502,44,1058,20,4322,14,4,4140,2660,14,2154,26,5222,928,18,76,29030
d__Bacteria;k__unclassified_d__Bacteria;p__Deferribacteres,2276,2124,1170,2842,3186,3384,2554,1696,1858,2232,2298,3890,2532,2794,1186,2158,2006,1794,2198,2960,2234,3294,2606,4886,3236,1534,2650,3658,3126,3076,3198,80636
d__Bacteria;k__unclassified_d__Bacteria;p__Candidatus_Marinimicrobia,542,442,140,450,1240,1208,440,386,216,546,560,1052,406,876,184,790,828,232,664,404,288,1106,226,362,1100,258,756,220,150,1036,1332,18440
d__Bacteria;k__unclassified_d__Bacteria;p__Candidatus_Saccharibacteria,924,2028,1750,596,1002,3238,2586,1088,2744,1894,5174,2430,706,1746,1276,7324,878,9938,758,5614,2788,2872,3070,7252,1056,1156,510,13340,8456,2350,928,97472
d__Eukaryota;k__Viridiplantae;p__Chlorophyta,1170,1314,35640,1210,1128,1404,1326,970,970,738,5518,1482,1112,900,2462,4032,3046,5418,910,26032,1302,1106,18484,13970,1042,10772,968,30374,5428,1060,3298,184586
d__Bacteria;k__unclassified_d__Bacteria;p__Nitrospirae,5786,6056,6026,6628,8196,7274,6418,5246,5352,5206,6858,8302,6020,6156,3690,6516,7626,6960,5496,7738,5802,7422,7144,12078,7616,4026,4814,8710,23636,6154,10848,225800
d__Archaea;k__unclassified_d__Archaea;p__unclassified_d__Archaea,1056,846,1776,982,1260,1326,804,1198,684,566,1324,1134,964,628,494,1716,922,1490,1066,1450,806,968,1668,2124,1158,1638,882,2288,7248,1228,1070,42764
d__Bacteria;k__unclassified_d__Bacteria;p__Aquificae,3898,3122,3964,3270,3522,4432,2698,3208,3046,2672,3678,4238,2830,3570,1378,3814,2942,3220,2952,5314,2426,4752,4760,6584,3660,2800,2860,6718,2908,3760,4560,113556
d__Bacteria;k__unclassified_d__Bacteria;p__Thermotogae,10678,11368,4770,13010,14478,12568,10962,11722,10646,9166,7878,12414,10800,9760,2498,8842,9760,6606,12122,9590,10108,10670,7186,13280,13132,5858,11620,9054,7036,11192,11558,310332
d__Bacteria;k__unclassified_d__Bacteria;p__Bacteroidetes,11733876,13384154,10580600,13279650,9862492,9720254,9749648,10285282,12409044,17405476,9488376,11705018,11970160,13458764,3207758,14671504,11032216,14608472,12502302,9921874,11115430,11254052,10512690,11379600,9139940,14038542,7734164,9817570,6628384,9266286,16499276,348362854
d__Eukaryota;k__Fungi;p__Microsporidia,88,64,14520,34,112,146,210,134,48,116,988,68,32,82,2124,1820,76,1398,208,9158,154,66,4976,7370,88,2810,256,9748,1610,120,154,58778
d__Archaea;k__unclassified_d__Archaea;p__Candidatus_Parvarchaeota,20,12,14,6,22,28,6,14,4,4,12,18,6,12,2,18,0,12,0,20,14,6,4,62,30,0,6,156,14,22,10,554
d__Bacteria;k__unclassified_d__Bacteria;p__Candidatus_Kuenenbacteria,24,32,26,20,220,72,28,62,10,20,18,32,10,14,2,0,28,26,16,16,46,18,106,40,162,32,20,164,16,52,22,1354
d__Bacteria;k__unclassified_d__Bacteria;p__Firmicutes,12074200,11644454,7622334,15055936,15821258,14954624,13082902,14014542,13644764,11084046,15832700,11399274,13185488,10552948,3602336,12108920,11727322,12837506,14282950,9981010,12197810,11998924,12181594,19779462,13981694,12105162,11574848,14200508,18478714,13991942,12972370,397972542
d__Bacteria;k__unclassified_d__Bacteria;p__Cloacimonetes,1878,5052,2256,770,830,1614,888,1452,2144,1678,2118,4538,628,1448,1456,3780,2100,3064,990,3554,894,2380,1604,6056,738,1964,892,2426,3928,1388,3032,67540
d__Archaea;k__unclassified_d__Archaea;p__Euryarchaeota,658416,966916,605378,441868,538516,406050,545930,1102200,838742,470700,1370156,936118,477532,629100,445056,972774,1356760,1147942,696906,587124,703644,656402,1699672,1453686,379438,1294802,339730,1195628,1391418,442676,780684,25531964
d__Bacteria;k__unclassified_d__Bacteria;p__Planctomycetes,59804,50264,23712,62886,54778,85918,44468,54302,46848,41308,26490,71540,49372,56168,11592,39970,58736,22246,38974,30144,43272,64996,30280,43100,57244,18196,36780,33114,19628,68632,76284,1421046
d__Archaea;k__unclassified_d__Archaea;p__Candidatus_Bathyarchaeota,7526,7010,1198,8678,8876,11482,6782,7860,6276,7964,1052,8082,7638,8100,446,2002,6036,1046,7958,1650,6626,6936,786,1834,8008,852,7910,3110,4662,10292,7446,176124
d__Eukaryota;k__Metazoa;p__Onychophora,0,0,78,0,0,0,0,0,0,0,0,0,0,0,0,0,0,0,0,42,0,0,0,42,0,0,0,84,0,0,0,246
d__Eukaryota;k__Metazoa;p__Arthropoda,2086,2836,236074,2294,2510,3798,1810,1960,2372,1746,21980,3154,2112,2004,15592,15612,2512,23678,1788,149226,1526,2698,97842,82454,2334,52128,1906,194886,25642,3316,3558,963434
d__Eukaryota;k__unclassified_d__Eukaryota;p__Phaeophyceae,230,234,7926,70,124,308,102,304,162,84,1128,200,36,188,432,1002,392,1120,72,5432,34,392,3860,3408,168,2104,112,7114,960,290,496,38484
d__Eukaryota;k__Fungi;p__Ascomycota,5058,7892,195224,7074,9524,6538,5016,5044,7252,4270,21354,7650,6202,5266,12130,16632,9904,25754,5854,126670,5220,7060,85588,83762,8596,46140,5768,163560,61630,5750,10524,973906
d__Bacteria;k__unclassified_d__Bacteria;p__Candidatus_Azambacteria,82,54,10,362,258,512,522,108,142,132,166,70,350,158,26,84,198,166,152,170,536,160,76,86,264,38,102,118,74,502,168,5846
d__Viruses;k__unclassified_d__Viruses;p__unclassified_d__Viruses,32140,20302,15590,14860,16560,15238,22588,28172,15638,15690,35116,31838,14918,25310,3798,13846,17016,22340,13672,32278,21454,34746,23942,20644,15940,23302,15340,19630,63084,14140,30212,689344
d__Bacteria;k__unclassified_d__Bacteria;p__Candidatus_Berkelbacteria,364,108,254,514,292,154,192,240,68,264,340,278,306,200,42,370,304,358,370,108,322,114,278,466,346,170,370,578,2476,214,304,10764
d__Bacteria;k__unclassified_d__Bacteria;p__Synergistetes,28338,32504,25626,26272,29924,28632,22748,31958,35680,25958,174666,35424,21838,26090,189430,224474,31066,172462,25722,245878,21976,29634,181566,589062,25708,75294,19262,331348,241864,25356,35782,3011542
d__Bacteria;k__unclassified_d__Bacteria;p__Candidatus_Campbellbacteria,6,76,0,32,76,22,0,40,8,20,10,64,6,46,0,2,6,14,96,16,14,4,16,0,28,26,68,48,6,18,16,784
d__Bacteria;k__unclassified_d__Bacteria;p__Caldiserica,376,282,122,498,644,876,536,326,534,190,394,340,462,224,52,298,250,200,500,132,434,438,308,326,446,260,280,706,184,880,278,11776
d__Eukaryota;k__Metazoa;p__Rotifera,60,16,4146,494,56,188,236,108,160,378,230,30,654,266,174,196,74,298,132,2222,274,126,1528,862,44,698,156,3912,148,214,90,18170
d__Eukaryota;k__Metazoa;p__Ctenophora,0,0,750,0,0,0,0,0,0,0,134,0,0,0,6,30,0,48,0,448,0,0,54,92,0,78,0,818,82,0,0,2540
d__Bacteria;k__unclassified_d__Bacteria;p__candidate_division_CPR1,338,54,2,92,216,468,60,196,50,116,20,202,52,232,0,14,142,94,94,14,76,172,18,54,252,18,200,14,12,416,280,3968
d__Bacteria;k__unclassified_d__Bacteria;p__candidate_division_CPR3,138,126,148,74,116,112,76,88,432,178,144,142,88,126,18,84,104,706,72,100,100,456,480,70,128,406,56,192,62,80,150,5252
d__Eukaryota;k__Fungi;p__Glomeromycota,1742,3204,37948,3312,1918,1934,2506,1610,3136,2410,5618,2992,2982,2164,2714,4318,2010,6980,2752,22942,2594,3360,15816,17364,1942,11424,2226,34988,11542,1988,3032,221468
d__Bacteria;k__unclassified_d__Bacteria;p__Candidatus_Falkowbacteria,120,216,28,176,224,210,290,124,136,98,136,290,160,228,68,124,216,176,210,136,218,148,136,218,208,90,156,124,82,186,326,5258
d__Bacteria;k__unclassified_d__Bacteria;p__Candidatus_Giovannonibacteria,222,154,102,222,176,284,106,180,92,110,178,254,190,216,58,196,196,212,466,276,68,142,178,256,172,166,300,174,216,202,330,6094
d__Eukaryota;k__Fungi;p__Cryptomycota,34,12,15818,8,16,8,6,10,0,8,1384,12,8,12,1020,872,4,1354,24,9224,6,54,6642,5302,12,3396,20,12214,1588,2,12,59082
d__Bacteria;k__unclassified_d__Bacteria;p__Latescibacteria,332,530,1124,326,358,508,192,304,334,348,396,772,244,556,122,360,718,200,146,360,280,464,342,646,434,212,192,374,216,394,1196,12980
d__Bacteria;k__unclassified_d__Bacteria;p__Armatimonadetes,2312,2544,1482,2916,2946,4284,1640,2116,2148,1874,3252,3506,2380,3246,596,3194,1962,1782,1774,2406,1652,3526,2124,3714,3228,1372,2410,2992,1478,3408,2680,76944
d__Bacteria;k__unclassified_d__Bacteria;p__Chrysiogenetes,1296,1200,336,1494,2192,1616,672,1094,1312,1088,736,1462,1044,1998,1004,566,1378,524,1124,972,822,2130,708,5572,2422,542,896,682,410,1652,2196,41140
d__Eukaryota;k__Fungi;p__Basidiomycota,1210,1032,58496,1400,2478,1412,668,1320,1000,2284,8824,1358,1150,2058,4302,5358,1662,8530,1228,41012,674,944,26374,25388,2542,16646,882,54664,9258,1174,2470,287798
d__Bacteria;k__unclassified_d__Bacteria;p__unclassified_d__Bacteria,1350632,1010930,2480088,837468,667924,808498,590442,1224120,1060942,1229936,2457380,955124,777186,880704,1195698,3446650,1039586,3311654,609552,3376634,619312,943582,3101300,4455222,631730,2430082,426956,2430406,2596378,741534,1380128,49067778
d__Eukaryota;k__Metazoa;p__Rhombozoa,0,0,108,0,0,0,0,0,0,0,2,0,0,0,50,12,0,20,0,52,0,0,52,52,0,8,0,2,8,0,0,366
d__Bacteria;k__unclassified_d__Bacteria;p__Candidatus_Parcubacteria,1156,1570,602,1342,1962,1200,784,830,922,1478,1288,1942,1244,1514,222,718,1216,1102,1394,698,716,1394,794,852,1800,912,918,932,986,1056,1876,35420
d__Bacteria;k__unclassified_d__Bacteria;p__Candidatus_Pacebacteria,42,412,80,70,52,52,16,26,18,32,80,444,56,60,68,156,632,50,40,42,28,52,66,168,50,82,42,94,76,34,886,4006
d__Eukaryota;k__Metazoa;p__Xenacoelomorpha,0,0,0,0,0,0,0,0,0,0,10,0,0,0,0,0,0,2,0,0,0,0,20,10,0,60,0,4,16,0,0,122
d__Bacteria;k__unclassified_d__Bacteria;p__Candidatus_Roizmanbacteria,232,440,90,174,428,266,292,268,334,368,364,506,238,388,84,134,594,506,328,274,324,234,266,236,448,200,192,300,468,260,722,9958
d__Bacteria;k__unclassified_d__Bacteria;p__Candidatus_Wolfebacteria,374,172,120,178,212,154,54,316,178,306,328,396,220,282,66,148,262,394,132,240,72,198,328,554,172,370,100,352,1042,120,390,8230
d__Bacteria;k__unclassified_d__Bacteria;p__Candidatus_Levybacteria,70,42,92,146,138,96,86,70,104,142,152,58,128,96,52,278,32,218,84,150,70,56,132,246,86,96,82,158,92,116,80,3448
d__Bacteria;k__unclassified_d__Bacteria;p__candidate_division_Zixibacteria,1244,1990,1558,1284,1884,2532,1364,968,1346,1138,3298,2552,1088,1506,484,3478,1602,2200,1072,2058,1466,1954,2050,2664,1776,1612,1102,2276,1556,2012,2474,55588
d__Bacteria;k__unclassified_d__Bacteria;p__Candidatus_Adlerbacteria,4,8,38,98,0,36,4,4,16,16,80,44,118,24,8,176,0,100,0,50,12,32,114,16,2,38,6,34,34,48,6,1166
d__Bacteria;k__unclassified_d__Bacteria;p__Chlorobi,7086,8246,7342,7444,6996,6560,5700,5940,7006,7618,7056,9822,6404,7418,6160,11630,7214,7442,6206,11084,5928,8680,7086,11074,6788,5870,4842,10094,5450,5738,10756,232680
d__Archaea;k__unclassified_d__Archaea;p__Candidatus_Nanohaloarchaeota,16,10,26,108,36,74,44,18,0,8,18,32,118,60,0,0,12,0,104,2,24,46,46,12,50,0,66,0,2,60,12,1004
d__Bacteria;k__unclassified_d__Bacteria;p__Candidatus_Woesebacteria,970,630,520,780,758,504,458,656,528,658,616,812,762,802,182,626,880,1048,246,1012,478,840,1110,1514,688,838,228,354,1238,410,1212,22358
d__Eukaryota;k__Metazoa;p__Chaetognatha,0,0,244,0,0,0,0,0,0,0,26,0,0,0,20,52,0,142,0,252,0,0,482,56,0,356,0,26,16,0,0,1672
d__Bacteria;k__unclassified_d__Bacteria;p__Candidatus_Beckwithbacteria,66,20,4,48,58,34,32,42,48,74,34,34,28,56,38,24,130,30,42,38,12,68,22,148,102,52,46,146,28,16,110,1630
d__Bacteria;k__unclassified_d__Bacteria;p__Deinococcus-Thermus,3204,3882,2422,4478,6044,5460,2624,3188,3156,3614,3498,4946,3486,4880,864,4546,4116,2006,3218,3306,2664,4210,3316,4198,5742,2470,3078,3504,2640,4526,6080,115366
d__Bacteria;k__unclassified_d__Bacteria;p__Candidatus_Dadabacteria,274,138,38,122,172,272,94,288,82,116,374,254,72,176,20,100,184,272,136,216,60,166,250,132,134,110,150,120,154,250,232,5158
d__Bacteria;k__unclassified_d__Bacteria;p__Candidatus_Moranbacteria,1068,1500,1298,1348,1458,814,1134,710,874,1068,1676,1840,1420,1190,176,1514,1346,3020,1260,1126,1044,1290,1414,1204,1586,3920,888,1584,9924,772,1886,51352
d__Bacteria;k__unclassified_d__Bacteria;p__Candidatus_Collierbacteria,144,112,666,262,282,208,264,200,124,166,236,172,224,192,62,128,160,268,248,182,298,106,196,266,284,82,158,52,2062,220,156,8180
d__Eukaryota;k__Metazoa;p__Nematoda,2988,2376,52884,2322,2674,2980,2634,2506,2448,2418,11772,2760,2022,2638,4564,7136,2778,12356,2846,37274,2450,3232,34316,25442,2692,21968,2850,54980,12502,2726,2790,328324
d__Eukaryota;k__Viridiplantae;p__Streptophyta,2400,2216,340896,3582,4532,9560,4070,2158,2068,2184,70190,2410,3444,2402,20774,49480,3324,73670,3794,223100,6096,2378,165960,120436,4488,124658,5748,342756,79530,6680,4280,1689264
d__Bacteria;k__unclassified_d__Bacteria;p__Chloroflexi,39038,71126,31790,24494,28906,32830,22802,50078,36608,24412,132628,73786,20564,28014,13456,41696,67346,95246,27534,28696,21732,36164,206212,70940,25634,179288,22254,41522,159676,29820,61050,1745342
d__Bacteria;k__unclassified_d__Bacteria;p__Nitrospinae,388,452,432,610,454,690,254,248,220,242,426,694,472,444,454,526,368,534,310,452,202,432,456,1874,358,662,416,550,656,496,642,15414
d__Eukaryota;k__Metazoa;p__Hemichordata,126,52,12412,46,80,86,54,92,210,164,1216,42,38,94,584,788,80,1042,62,7750,74,172,4418,4422,78,2330,84,9816,1186,76,78,47752
d__Bacteria;k__unclassified_d__Bacteria;p__Tenericutes,59322,46538,46438,169864,208202,142370,81342,67064,62478,52328,40112,46590,193038,51670,10458,32616,39922,36264,139196,24340,73808,57170,57516,53830,176002,31282,118272,42062,43218,142100,51836,2397248
d__Bacteria;k__unclassified_d__Bacteria;p__candidate_division_WWE3,164,842,1032,230,224,144,122,138,236,102,538,758,218,138,86,684,2868,402,112,566,142,264,568,574,196,496,142,202,224,110,3938,16460
d__Bacteria;k__unclassified_d__Bacteria;p__Acidobacteria,12514,12214,8426,11828,11240,14604,9160,9994,9786,8652,8934,17862,9224,10714,3408,12222,11422,7120,10720,10602,9324,13620,7442,15132,11390,5156,9662,14566,11282,12328,15434,335982
d__Bacteria;k__unclassified_d__Bacteria;p__Cyanobacteria,26462,30586,75544,33598,31116,30052,24668,25786,26532,28718,63878,32264,29310,27220,21390,46154,33950,68152,25466,68680,24348,29402,56900,121928,28550,44834,21732,103908,335962,27314,44134,1588538
d__Bacteria;k__unclassified_d__Bacteria;p__Candidatus_Atribacteria,238,200,10,336,266,344,224,330,278,192,398,228,216,280,196,154,242,190,404,92,168,162,114,264,276,46,220,340,116,298,306,7128
d__Bacteria;k__unclassified_d__Bacteria;p__Candidatus_Shapirobacteria,16,24,0,72,8,44,18,4,20,22,56,70,74,40,0,158,32,210,14,38,16,68,188,4,30,184,52,54,26,40,44,1626
d__Bacteria;k__unclassified_d__Bacteria;p__Candidatus_Gottesmanbacteria,584,664,150,388,688,474,210,502,182,804,176,784,426,686,70,244,790,144,574,420,288,302,126,442,616,96,442,444,308,474,1162,13660
d__Eukaryota;k__Fungi;p__Chytridiomycota,228,240,25506,188,518,110,186,346,310,180,2216,248,164,172,1818,2538,268,2740,142,16868,200,300,11330,10824,524,5676,92,20128,2864,120,290,107334
d__Eukaryota;k__Metazoa;p__Nemertea,0,4,740,0,0,0,0,0,0,0,202,0,0,0,30,60,0,154,0,506,0,0,458,306,0,350,0,608,158,0,2,3578
d__Bacteria;k__unclassified_d__Bacteria;p__Dictyoglomi,1310,1544,782,1762,1572,1258,1310,1348,1388,1454,1804,1772,1512,1612,252,992,2054,1662,1422,1126,1244,1454,1144,2092,1378,720,1030,1442,1058,1394,2410,43302
d__Eukaryota;k__Metazoa;p__Placozoa,118,96,9880,20,276,272,340,74,62,76,890,156,30,54,926,886,28,1250,92,6164,416,44,3010,3382,230,1836,64,9916,1038,226,52,41904
d__Bacteria;k__unclassified_d__Bacteria;p__Candidatus_Uhrbacteria,3672,2840,1058,4086,3560,8604,2552,3084,2986,2580,990,5514,3788,4130,608,3720,3076,826,2904,1566,2480,5394,914,2442,3446,510,4056,1178,1070,6592,4376,94602
d__Bacteria;k__unclassified_d__Bacteria;p__Verrucomicrobia,315012,534598,52550,437598,417338,313228,203212,291318,386924,280832,58896,588082,367834,396928,13052,90710,1063778,50848,144416,70640,230074,481106,73688,78016,392464,54642,118516,68320,35368,292892,1132696,9035576
d__Eukaryota;k__Metazoa;p__Porifera,324,298,10868,384,740,380,442,348,432,238,1268,348,346,288,1284,1246,1298,1468,130,7238,470,456,5928,5288,708,3236,130,7282,1716,472,1162,56216
d__Archaea;k__unclassified_d__Archaea;p__Thaumarchaeota,622,464,1164,626,1104,616,810,656,822,320,976,568,596,504,216,522,494,838,944,1036,740,772,942,1254,1094,980,698,4114,626,558,658,26334
d__Eukaryota;k__Metazoa;p__Chordata,1996,2646,365122,2276,3198,2904,2224,1830,2032,2214,32420,2846,2046,2542,24320,23408,2868,37816,1812,228570,2868,2282,140152,126430,2918,77628,2854,309936,38294,1614,3432,1453498
d__Archaea;k__unclassified_d__Archaea;p__Candidatus_Lokiarchaeota,262,190,436,194,144,170,120,210,192,106,434,168,180,92,50,158,558,290,68,142,104,110,158,232,96,262,46,116,302,144,792,6526
d__Eukaryota;k__unclassified_d__Eukaryota;p__Colponemidia,0,0,204,0,0,0,0,0,0,0,34,0,0,0,42,22,0,80,0,156,0,0,76,98,0,94,0,116,16,0,0,938
d__Bacteria;k__unclassified_d__Bacteria;p__Candidatus_Tectomicrobia,780,1060,718,892,1056,2176,686,578,554,590,806,1772,834,968,1128,884,1820,606,922,1416,620,1004,1102,858,1004,550,866,836,712,1610,2680,32088
d__Bacteria;k__unclassified_d__Bacteria;p__candidate_division_NC10,370,338,290,172,452,574,210,122,178,136,394,556,92,316,482,770,520,732,78,554,244,430,700,1032,390,852,186,772,622,322,926,13812
d__Bacteria;k__unclassified_d__Bacteria;p__Gemmatimonadetes,1738,1914,2058,1980,1644,2726,902,1220,2338,1626,2242,2672,1450,2280,530,2082,1704,2290,1706,1464,996,2918,1988,2630,1648,1420,1862,1518,1068,2006,2310,56930
d__Bacteria;k__unclassified_d__Bacteria;p__Candidatus_Magasanikbacteria,742,1338,354,806,748,934,800,778,624,1026,284,1418,776,948,118,666,1372,836,1230,608,686,854,670,846,638,542,768,798,3722,712,2012,28654
d__Bacteria;k__unclassified_d__Bacteria;p__Candidatus_Curtissbacteria,110,90,34,6,120,76,44,118,68,54,52,106,10,46,2,118,36,32,40,36,42,148,50,74,88,14,88,24,46,72,26,1870
d__Bacteria;k__unclassified_d__Bacteria;p__Candidatus_Jorgensenbacteria,94,148,10,28,74,56,48,42,36,38,14,120,42,32,36,34,68,34,46,74,46,76,52,154,64,60,20,18,24,76,64,1728
d__Eukaryota;k__unclassified_d__Eukaryota;p__Xanthophyceae,0,0,50,0,0,0,0,0,0,0,48,0,0,0,2,4,0,10,0,90,0,0,90,6,0,58,0,6,14,0,0,378
d__Bacteria;k__unclassified_d__Bacteria;p__Candidatus_Acetothermia,616,1024,294,640,802,1590,664,542,1516,960,760,1178,482,1284,116,478,626,410,586,382,588,1310,586,584,912,362,558,378,378,1366,828,22800
d__Bacteria;k__unclassified_d__Bacteria;p__candidate_division_Hyd24-12,122,248,176,202,258,282,100,116,152,60,530,456,110,158,160,402,340,420,180,302,136,368,322,654,272,186,148,268,1474,162,462,9226
d__unclassified;k__unclassified_d__unclassified;p__unclassified_d__unclassified,60670,57012,57628,48246,48094,43430,42024,58382,67494,84820,72698,54992,41640,71630,22152,83706,66076,97154,47950,68774,42320,57950,68134,110778,43358,83360,33056,77390,136030,40234,88744,1975926
d__Archaea;k__unclassified_d__Archaea;p__Crenarchaeota,1478,1778,3382,1912,2202,1468,1208,1740,1768,1172,876,1934,1392,1416,946,1100,2830,838,1840,2830,1064,2526,1980,3808,2002,1014,1690,3794,648,1326,2982,56944
d__Bacteria;k__unclassified_d__Bacteria;p__Fibrobacteres,194334,68856,258146,9710,9074,82200,8726,75130,129418,62822,49894,162368,9170,72832,90044,61180,40876,237092,8030,336056,9126,350526,211024,163866,9646,81494,7908,85142,183302,52914,196412,3317318
d__Bacteria;k__unclassified_d__Bacteria;p__Candidatus_Daviesbacteria,338,256,236,202,190,230,106,336,176,112,218,246,222,166,190,404,194,284,94,234,76,184,132,1600,154,132,80,234,224,300,286,7836
d__Bacteria;k__unclassified_d__Bacteria;p__candidate_division_CPR2,270,226,78,306,270,154,258,226,120,212,194,224,274,132,32,224,432,156,222,594,284,112,82,176,362,132,230,356,72,164,618,7192
d__Bacteria;k__unclassified_d__Bacteria;p__Candidatus_Yanofskybacteria,252,406,216,1302,834,830,972,238,422,308,900,518,1008,518,136,662,132,466,966,222,952,554,362,1282,856,738,594,384,376,760,226,18392
d__Eukaryota;k__Metazoa;p__Mollusca,464,540,89546,500,678,554,310,452,722,500,8380,510,280,504,5134,6358,530,8608,360,51276,454,654,33646,29232,536,17118,448,59986,8910,428,710,328328
